symbol,name,reportDate,fiscalDateEnding,estimate,currency,timeOfTheDay
AAME,ATLANTIC AMERICAN CORPORATION,2026-08-18,2026-06-30,,USD,
AIHS,SENMIAO TECHNOLOGY LIMITED,2026-08-18,2026-06-30,,USD,
AMBO,AMBOW EDUCATION HOLDING LIMITED,2026-08-18,2026-06-30,,USD,
ANVS,ANNOVIS BIO INCORPORATED,2026-08-18,2026-06-30,-0.44,USD,
ANY,SPHERE 3D CORPORATION,2026-08-18,2026-06-30,,USD,
APUS,APIMEDS PHARMACEUTICALS US INCORPORATED,2026-08-18,2026-06-30,,USD,
AREC,AMERICAN RESOURCES CORPORATION,2026-08-18,2026-06-30,-0.09,USD,
AS,AMER SPORTS INCORPORATED,2026-08-18,2026-06-30,0.11,USD,pre-market
AUNA,AUNA SA,2026-08-18,2026-06-30,0.25,USD,post-market
AVXL,ANAVEX LIFE SCIENCES CORPORATION,2026-08-18,2026-06-30,-0.08,USD,
AXIL,AXIL BRANDS INCORPORATED,2026-08-18,2026-05-31,,USD,post-market
BHP,BHP GROUP LIMITED,2026-08-18,2026-06-30,,USD,
BIDU,BAIDU INCORPORATED,2026-08-18,2026-06-30,1.19,USD,pre-market
BRLS,BOREALIS FOODS INCORPORATED,2026-08-18,2026-06-30,,USD,
BRTX,BIORESTORATIVE THERAPIES INCORPORATED,2026-08-18,2026-06-30,-0.15,USD,
CENN,CENNTRO INCORPORATED,2026-08-18,2026-06-30,,USD,
CETY,CLEAN ENERGY TECHNOLOGIES INCORPORATED,2026-08-18,2026-06-30,,USD,
CRIS,CURIS INCORPORATED,2026-08-18,2026-06-30,-5.7,USD,
CSHR,COINSHARES PUBLIC LIMITED COMPANY,2026-08-18,2026-06-30,,USD,
CTOR,CITIUS ONCOLOGY INCORPORATED,2026-08-18,2026-06-30,,USD,
CTXR,CITIUS PHARMACEUTICALS INCORPORATED,2026-08-18,2026-06-30,-0.36,USD,
CUB,LIONHEART HOLDINGS,2026-08-18,2026-06-30,,USD,
CUE,CUE BIOPHARMA INCORPORATED,2026-08-18,2026-06-30,,USD,
ELAB,PMGC HOLDINGS INCORPORATED,2026-08-18,2026-06-30,,USD,
ELME,ELME COMMUNITIES,2026-08-18,2026-06-30,,USD,
ELTK,ELTEK LIMITED,2026-08-18,2026-06-30,,USD,pre-market
ENRD,EINRIDE AB,2026-08-18,2026-05-31,,USD,pre-market
EVGN,EVOGENE LIMITED,2026-08-18,2026-06-30,,USD,pre-market
FEED,ENVUE MEDICAL INCORPORATED,2026-08-18,2026-06-30,,USD,
FLYE,FLY-E GROUP INCORPORATED,2026-08-18,2026-06-30,,USD,
FORTY,FORMULA SYSTEMS (1985) LIMITED,2026-08-18,2026-06-30,,USD,
FTFT,FUTURE FINTECH GROUP INCORPORATED,2026-08-18,2026-06-30,,USD,
GDC,GD CULTURE GROUP LIMITED,2026-08-18,2026-06-30,,USD,
GTEN,GORES HOLDINGS X INCORPORATED,2026-08-18,2026-06-30,,USD,
HD,HOME DEPOT INCORPORATED (THE),2026-08-18,2026-07-31,4.71,USD,pre-market
HSAI,HESAI GROUP,2026-08-18,2026-06-30,,USD,pre-market
HYFM,HYDROFARM HOLDINGS GROUP INCORPORATED,2026-08-18,2026-06-30,,USD,
IQ,IQIYI INCORPORATED,2026-08-18,2026-06-30,-0.04,USD,pre-market
IRIX,IRIDEX CORPORATION,2026-08-18,2026-06-30,,USD,post-market
JKHY,JACK HENRY & ASSOCIATES INCORPORATED,2026-08-18,2026-06-30,1.44,USD,post-market
KEYS,KEYSIGHT TECHNOLOGIES INCORPORATED,2026-08-18,2026-07-31,2.16,USD,post-market
KLAR,KLARNA GROUP PUBLIC LIMITED COMPANY,2026-08-18,2026-06-30,-0.07,USD,pre-market
LGO,LARGO INCORPORATED,2026-08-18,2026-06-30,,USD,
LU,LUFAX HOLDING LIMITED,2026-08-18,2026-06-30,,USD,post-market
LZB,LA-Z-BOY INCORPORATED,2026-08-18,2026-07-31,0.48,USD,post-market
MEDS,DATAMEDS AI INCORPORATED,2026-08-18,2026-06-30,,USD,
MRCY,MERCURY SYSTEMS INCORPORATED,2026-08-18,2026-06-30,0.2,USD,post-market
NCL,NORTHANN CORPORATION,2026-08-18,2026-06-30,,USD,
NNOX,NANO-X IMAGING LIMITED,2026-08-18,2026-06-30,,USD,
NXGL,NEXGEL INCORPORATED,2026-08-18,2026-06-30,,USD,
OLB,THE OLB GROUP INCORPORATED,2026-08-18,2026-06-30,,USD,
PHI,PLDT INCORPORATED,2026-08-18,2026-06-30,,USD,
PNRG,PRIMEENERGY RESOURCES CORPORATION,2026-08-18,2026-06-30,,USD,
PONY,PONY AI INCORPORATED,2026-08-18,2026-06-30,,USD,pre-market
PRE,PRENETICS GLOBAL LIMITED,2026-08-18,2026-06-30,-0.32,USD,pre-market
PROP,PRAIRIE OPERATING COMPANY,2026-08-18,2026-06-30,0.01,USD,
RIME,ALGORHYTHM HOLDINGS INCORPORATED,2026-08-18,2026-06-30,-0.36,USD,
RKTO,ROCKET ONE INCORPORATED,2026-08-18,2026-06-30,,USD,
RNW,RENEW ENERGY GLOBAL PUBLIC LIMITED COMPANY,2026-08-18,2026-06-30,0.12,USD,pre-market
SCWO,374WATER INCORPORATED,2026-08-18,2026-06-30,,USD,
SEGG,SPORTS ENTERTAINMENT GAMING GLOBAL CORPORATION,2026-08-18,2026-06-30,,USD,
SFL,SFL CORPORATION LIMITED,2026-08-18,2026-06-30,,USD,
SHPH,SHUTTLE PHARMACEUTICALS HOLDINGS INCORPORATED,2026-08-18,2026-06-30,,USD,
SLXN,SILEXION THERAPEUTICS CORPORATION,2026-08-18,2026-06-30,,USD,
SMTK,SMARTKEM INCORPORATED,2026-08-18,2026-06-30,,USD,
SQM,SOCIEDAD QUIMICA Y MINERA SOCIEDAD ANÓNIMA,2026-08-18,2026-06-30,2.03,USD,post-market
SSM,SONO GROUP NAAMLOZE VENNOOTSCHAP,2026-08-18,2026-06-30,,USD,
SYPR,SYPRIS SOLUTIONS INCORPORATED,2026-08-18,2026-06-30,,USD,
THCH,TH INTERNATIONAL LIMITED,2026-08-18,2026-06-30,,USD,pre-market
TMCR,THE METALS ROYALTY COMPANY INCORPORATED,2026-08-18,2026-06-30,-0.09,USD,
TOL,TOLL BROTHERS INCORPORATED,2026-08-18,2026-07-31,2.9,USD,post-market
TRUG,TRUGOLF HOLDINGS INCORPORATED,2026-08-18,2026-06-30,,USD,
TVGN,TEVOGEN INCORPORATED,2026-08-18,2026-06-30,,USD,
UCL,UCLOUDLINK GROUP INCORPORATED,2026-08-18,2026-06-30,-0.05,USD,pre-market
UPXI,UPEXI INCORPORATED,2026-08-18,2026-06-30,,USD,
UUU,UNIVERSAL SAFETY PRODUCTS INCORPORATED,2026-08-18,2026-06-30,,USD,
VHC,VIRNETX HOLDING CORPORATION,2026-08-18,2026-06-30,,USD,
VIVK,VIVAKOR INCORPORATED,2026-08-18,2026-06-30,,USD,
VNET,VNET GROUP INCORPORATED,2026-08-18,2026-06-30,-0.06,USD,pre-market
VVOS,VIVOS THERAPEUTICS INCORPORATED,2026-08-18,2026-06-30,-0.42,USD,
VWAV,VISIONWAVE HOLDINGS INCORPORATED,2026-08-18,2026-06-30,,USD,
YHC,LQR HOUSE INCORPORATED,2026-08-18,2026-06-30,,USD,
ZENA,ZENATECH INCORPORATED,2026-08-18,2026-06-30,-0.21,USD,
ZTO,ZTO EXPRESS (CAYMAN) INCORPORATED,2026-08-18,2026-06-30,,USD,post-market
AACG,ATA CREATIVITY GLOBAL,2026-08-19,2026-06-30,,USD,
AAPG,ASCENTAGE PHARMA GROUP INTERNATIONAL,2026-08-19,2026-06-30,-0.44,USD,pre-market
ADI,ANALOG DEVICES INCORPORATED,2026-08-19,2026-07-31,3.33,USD,pre-market
AIDX,20/20 BIOLABS INCORPORATED,2026-08-19,2026-06-30,,USD,
ANAB,ANAPTYSBIO INCORPORATED,2026-08-19,2026-06-30,-0.22,USD,
ANTA,ANTALPHA PLATFORM HOLDING COMPANY,2026-08-19,2026-06-30,0.0,USD,pre-market
ARAY,ACCURAY INCORPORATED,2026-08-19,2026-06-30,,USD,post-market
BILL,BILL HOLDINGS INCORPORATED,2026-08-19,2026-06-30,0.25,USD,post-market
BULL,WEBULL CORPORATION,2026-08-19,2026-06-30,0.0,USD,post-market
CAAP,CORPORACION AMERICA AIRPORTS SA,2026-08-19,2026-06-30,0.51,USD,
CCIF,CARLYLE CREDIT INCOME FUND,2026-08-19,2026-06-30,0.1,USD,post-market
CLGN,COLLPLANT BIOTECHNOLOGIES LIMITED,2026-08-19,2026-06-30,,USD,
CLIR,CLEARSIGN TECHNOLOGIES CORPORATION,2026-08-19,2026-06-30,-0.25,USD,post-market
COTY,COTY INCORPORATED,2026-08-19,2026-06-30,-0.01,USD,post-market
DRD,DRDGOLD LIMITED,2026-08-19,2026-06-30,,USD,pre-market
DVLT,DATAVAULT AI INCORPORATED,2026-08-19,2026-06-30,-0.03,USD,pre-market
DY,DYCOM INDUSTRIES INCORPORATED,2026-08-19,2026-07-31,4.36,USD,
EL,ESTEE LAUDER COMPANIES INCORPORATED (THE),2026-08-19,2026-06-30,0.32,USD,pre-market
FINV,FINVOLUTION GROUP,2026-08-19,2026-06-30,,USD,
FJET,STARFIGHTERS SPACE INCORPORATED,2026-08-19,2026-06-30,,USD,
FLNG,FLEX LNG LIMITED,2026-08-19,2026-06-30,,USD,pre-market
IOND,IONIC DIGITAL INCORPORATED,2026-08-19,2026-06-30,,USD,post-market
JBSS,JOHN B. SANFILIPPO & SON INCORPORATED,2026-08-19,2026-06-30,1.3,USD,post-market
JFIN,JIAYIN GROUP INCORPORATED,2026-08-19,2026-06-30,,USD,
KC,KINGSOFT CLOUD HOLDINGS LIMITED,2026-08-19,2026-06-30,-0.12,USD,pre-market
LOW,LOWE'S COMPANIES INCORPORATED,2026-08-19,2026-07-31,4.22,USD,pre-market
NBP,NOVABRIDGE BIOSCIENCES,2026-08-19,2026-06-30,-0.14,USD,
NDSN,NORDSON CORPORATION,2026-08-19,2026-07-31,3.09,USD,post-market
NMRA,NEUMORA THERAPEUTICS INCORPORATED,2026-08-19,2026-06-30,-0.23,USD,
OPRA,OPERA LIMITED,2026-08-19,2026-06-30,0.26,USD,pre-market
RYDE,RYDE GROUP LIMITED,2026-08-19,2026-06-30,,USD,
SLSN,SOLESENCE INCORPORATED,2026-08-19,2026-06-30,,USD,post-market
TGT,TARGET CORPORATION,2026-08-19,2026-07-31,2.25,USD,pre-market
TJX,TJX COMPANIES INCORPORATED (THE),2026-08-19,2026-07-31,1.18,USD,pre-market
TOYO,TOYO COMPANY LIMITED,2026-08-19,2026-06-30,0.52,USD,pre-market
UFI,UNIFI INCORPORATED,2026-08-19,2026-06-30,-0.06,USD,post-market
VIK,VIKING HOLDINGS LIMITED,2026-08-19,2026-06-30,1.25,USD,pre-market
WB,WEIBO CORPORATION,2026-08-19,2026-06-30,0.33,USD,pre-market
WOLF,WOLFSPEED INCORPORATED,2026-08-19,2026-06-30,,USD,post-market
YMM,FULL TRUCK ALLIANCE COMPANY LIMITED,2026-08-19,2026-06-30,0.18,USD,pre-market
ZIM,ZIM INTEGRATED SHIPPING SERVICES LIMITED,2026-08-19,2026-06-30,-0.1,USD,pre-market
AAP,ADVANCE AUTO PARTS INCORPORATED,2026-08-20,2026-06-30,0.81,USD,pre-market
AEG,AEGON LIMITED,2026-08-20,2026-06-30,,USD,pre-market
AIIR,AIR GLOBAL PUBLIC LIMITED COMPANY,2026-08-20,2026-06-30,,USD,pre-market
ATAT,ATOUR LIFESTYLE HOLDINGS LIMITED,2026-08-20,2026-06-30,0.57,USD,pre-market
ATHM,AUTOHOME INCORPORATED,2026-08-20,2026-06-30,0.24,USD,pre-market
BABA,ALIBABA GROUP HOLDING LIMITED,2026-08-20,2026-06-30,1.77,USD,pre-market
BAK,BRASKEM SOCIEDAD ANÓNIMA,2026-08-20,2026-06-30,1.68,USD,
BIRD,SMARTBIRD INCORPORATED,2026-08-20,2026-06-30,,USD,
BOSC,B.O.S. BETTER ONLINE SOLUTIONS,2026-08-20,2026-06-30,,USD,pre-market
CATO,CATO CORPORATION (THE),2026-08-20,2026-07-31,,USD,
DAO,YOUDAO INCORPORATED,2026-08-20,2026-06-30,,USD,pre-market
DDL,DINGDONG (CAYMAN) LIMITED,2026-08-20,2026-06-30,,USD,
DE,DEERE & COMPANY,2026-08-20,2026-07-31,4.85,USD,pre-market
EVAX,EVAXION A/S,2026-08-20,2026-06-30,,USD,pre-market
FLO,FLOWERS FOODS INCORPORATED,2026-08-20,2026-06-30,0.23,USD,post-market
FLUX,FLUX POWER HOLDINGS INCORPORATED,2026-08-20,2026-06-30,-0.09,USD,post-market
FLX,BINGEX LIMITED,2026-08-20,2026-06-30,,USD,pre-market
FUTU,FUTU HOLDINGS LIMITED,2026-08-20,2026-06-30,,USD,pre-market
HHS,HARTE HANKS INCORPORATED,2026-08-20,2026-06-30,,USD,
HOV,HOVNANIAN ENTERPRISES INCORPORATED,2026-08-20,2026-07-31,,USD,pre-market
HUBG,HUB GROUP INCORPORATED,2026-08-20,2026-06-30,0.52,USD,
HUIZ,HUIZE HOLDING LIMITED,2026-08-20,2026-06-30,,USD,pre-market
ICG,INTCHAINS GROUP LIMITED,2026-08-20,2026-06-30,,USD,post-market
JG,AURORA MOBILE LIMITED,2026-08-20,2026-06-30,,USD,pre-market
LONA,LEONABIO INCORPORATED,2026-08-20,2026-06-30,-1.9,USD,
LSTA,LISATA THERAPEUTICS INCORPORATED,2026-08-20,2026-06-30,,USD,
LX,LEXINFINTECH HOLDINGS LIMITED,2026-08-20,2026-06-30,,USD,
LYTS,LSI INDUSTRIES INCORPORATED,2026-08-20,2026-06-30,0.28,USD,pre-market
MNSO,MINISO GROUP HOLDING LIMITED,2026-08-20,2026-06-30,,USD,
MRT,MARTI TECHNOLOGIES INCORPORATED,2026-08-20,2026-06-30,,USD,
MZTI,THE MARZETTI COMPANY,2026-08-20,2026-06-30,,USD,
NMAD,NOMAD POWER SOLUTIONS INCORPORATED,2026-08-20,2026-06-30,,USD,
NMM,NAVIOS MARITIME PARTNERS LIMITED PARTNERSHIP,2026-08-20,2026-06-30,,USD,
NTES,NETEASE INCORPORATED,2026-08-20,2026-06-30,2.2,USD,pre-market
OSIS,OSI SYSTEMS INCORPORATED,2026-08-20,2026-06-30,3.76,USD,post-market
PCSA,PROCESSA PHARMACEUTICALS INCORPORATED,2026-08-20,2026-06-30,,USD,
PMVP,PMV PHARMACEUTICALS INCORPORATED,2026-08-20,2026-06-30,-0.38,USD,
PRQR,PROQR THERAPEUTICS NAAMLOZE VENNOOTSCHAP,2026-08-20,2026-06-30,-0.14,USD,
REPL,REPLIMUNE GROUP INCORPORATED,2026-08-20,2026-06-30,-0.72,USD,
RERE,ATRENEW INCORPORATED,2026-08-20,2026-06-30,0.09,USD,pre-market
ROST,ROSS STORES INCORPORATED,2026-08-20,2026-07-31,1.92,USD,post-market
SCSC,SCANSOURCE INCORPORATED,2026-08-20,2026-06-30,1.11,USD,pre-market
SKYE,SKYE BIOSCIENCE INCORPORATED,2026-08-20,2026-06-30,-0.29,USD,
SNTI,SENTI BIOSCIENCES HOLDINGS INCORPORATED,2026-08-20,2026-06-30,-0.33,USD,
SOBR,SOBR SAFE INCORPORATED,2026-08-20,2026-06-30,,USD,
TWIN,TWIN DISC INCORPORATED,2026-08-20,2026-06-30,,USD,pre-market
UPLD,UPLAND SOFTWARE INCORPORATED,2026-08-20,2026-06-30,,USD,
VTGN,VISTAGEN THERAPEUTICS INCORPORATED,2026-08-20,2026-06-30,-0.29,USD,
WMT,WALMART INCORPORATED,2026-08-20,2026-07-31,0.73,USD,pre-market
YJ,YUNJI INCORPORATED,2026-08-20,2026-06-30,,USD,pre-market
YRD,YIREN DIGITAL LIMITED,2026-08-20,2026-06-30,,USD,
YSG,YATSEN HOLDING LIMITED,2026-08-20,2026-06-30,,USD,
ALLR,ALLARITY THERAPEUTICS INCORPORATED,2026-08-21,2026-06-30,-0.25,USD,
BEKE,KE HOLDINGS INCORPORATED,2026-08-21,2026-06-30,0.25,USD,pre-market
BJ,BJ'S WHOLESALE CLUB HOLDINGS INCORPORATED,2026-08-21,2026-07-31,1.16,USD,pre-market
BKE,BUCKLE INCORPORATED (THE),2026-08-21,2026-07-31,,USD,pre-market
GIPR,GENERATION INCOME PROPERTIES INCORPORATED,2026-08-21,2026-06-30,,USD,
GITS,GLOBAL INTERACTIVE TECHNOLOGIES INCORPORATED COMMON STOCK,2026-08-21,2026-06-30,,USD,
GP,GREENPOWER MOTOR COMPANY INCORPORATED,2026-08-21,2026-06-30,,USD,
GPUS,HYPERSCALE DATA INCORPORATED,2026-08-21,2026-06-30,,USD,
HODO,HOUSE OF DOGE INCORPORATED,2026-08-21,2026-06-30,,USD,
INBS,INTELLIGENT BIO SOLUTIONS INCORPORATED,2026-08-21,2026-06-30,,USD,
LASE,LASER PHOTONICS CORPORATION,2026-08-21,2026-06-30,,USD,
LNAI,LUNAI BIOWORKS INCORPORATED,2026-08-21,2026-06-30,,USD,
MAKO,MAKO MINING CORPORATION,2026-08-21,2026-06-30,0.18,USD,
NOMA,NOMADAR CORPORATION,2026-08-21,2026-06-30,,USD,
QNC,QUANTUM EMOTION CORPORATION,2026-08-21,2026-06-30,,USD,
QUCY,QUANTUM CYBER NAAMLOZE VENNOOTSCHAP,2026-08-21,2026-06-30,-0.63,USD,
SCZM,SANTACRUZ SILVER MINING LIMITED,2026-08-21,2026-06-30,0.37,USD,
SLGL,SOL-GEL TECHNOLOGIES LIMITED,2026-08-21,2026-06-30,-2.31,USD,
SY,SO-YOUNG INTERNATIONAL INCORPORATED,2026-08-21,2026-06-30,,USD,
TAYD,TAYLOR DEVICES INCORPORATED,2026-08-21,2026-05-31,,USD,
TWLV,TWELVE SEAS INVESTMENT COMPANY III,2026-08-21,2026-06-30,,USD,
ZKH,ZKH GROUP LIMITED,2026-08-21,2026-06-30,,USD,pre-market
GASS,STEALTHGAS INCORPORATED,2026-08-24,2026-06-30,,USD,
GGR,GOGORO INCORPORATED,2026-08-24,2026-06-30,,USD,pre-market
MOLN,MOLECULAR PARTNERS AG,2026-08-24,2026-06-30,-0.45,USD,
NSSC,NAPCO SECURITY TECHNOLOGIES INCORPORATED,2026-08-24,2026-06-30,0.41,USD,
PDD,PDD HOLDINGS INCORPORATED,2026-08-24,2026-06-30,2.69,USD,
SSL,SASOL LIMITED,2026-08-24,2026-06-30,,USD,
TUYA,TUYA INCORPORATED,2026-08-24,2026-06-30,0.02,USD,post-market
XPEV,XPENG INCORPORATED,2026-08-24,2026-06-30,,USD,pre-market
ALPS,ALPS GROUP INCORPORATED,2026-08-25,2026-06-30,,USD,
BMO,BANK OF MONTREAL,2026-08-25,2026-07-31,3.06,USD,pre-market
BNS,BANK OF NOVA SCOTIA (THE),2026-08-25,2026-07-31,1.53,USD,pre-market
BOX,BOX INCORPORATED,2026-08-25,2026-07-31,0.09,USD,post-market
BZ,KANZHUN LIMITED,2026-08-25,2026-06-30,0.25,USD,pre-market
CDLR,CADELER A/S,2026-08-25,2026-06-30,,USD,pre-market
CTRN,CITI TRENDS INCORPORATED,2026-08-25,2026-07-31,,USD,pre-market
DKS,DICK'S SPORTING GOODS INCORPORATED,2026-08-25,2026-07-31,3.8,USD,pre-market
DQ,DAQO NEW ENERGY CORPORATION,2026-08-25,2026-06-30,-0.28,USD,
EH,EHANG HOLDINGS LIMITED,2026-08-25,2026-06-30,,USD,
ELMD,ELECTROMED INCORPORATED,2026-08-25,2026-06-30,0.32,USD,post-market
FSCO,FS CREDIT OPPORTUNITIES CORPORATION,2026-08-25,2026-06-30,,USD,post-market
GGAL,GRUPO FINANCIERO GALICIA SOCIEDAD ANÓNIMA,2026-08-25,2026-06-30,0.9,USD,
HDL,SUPER HI INTERNATIONAL HOLDING LIMITED,2026-08-25,2026-06-30,0.03,USD,
HEI,HEICO CORPORATION,2026-08-25,2026-07-31,1.5,USD,post-market
HEI.A,HEICO CORPORATION,2026-08-25,2026-07-31,,USD,post-market
INTU,INTUIT INCORPORATED,2026-08-25,2026-07-31,2.14,USD,post-market
JOYY,JOYY INCORPORATED,2026-08-25,2026-06-30,0.85,USD,
NCNO,NCINO INCORPORATED,2026-08-25,2026-07-31,0.11,USD,
NOAH,NOAH HOLDINGS LIMITED,2026-08-25,2026-06-30,,USD,post-market
PDCC,PEARL DIVER CREDIT COMPANY INCORPORATED,2026-08-25,2026-06-30,,USD,
PSEC,PROSPECT CAPITAL CORPORATION,2026-08-25,2026-06-30,,USD,
PVH,PVH CORPORATION,2026-08-25,2026-07-31,3.08,USD,
QFIN,QFIN HOLDINGS INCORPORATED,2026-08-25,2026-06-30,0.96,USD,post-market
SHMD,SCHMID GROUP NAAMLOZE VENNOOTSCHAP,2026-08-25,2026-06-30,,USD,pre-market
SLQT,SELECTQUOTE INCORPORATED,2026-08-25,2026-06-30,-0.15,USD,pre-market
SMTC,SEMTECH CORPORATION,2026-08-25,2026-07-31,0.41,USD,post-market
SNT,SENSTAR TECHNOLOGIES CORPORATION,2026-08-25,2026-06-30,,USD,pre-market
STRT,STRATTEC SECURITY CORPORATION,2026-08-25,2026-06-30,1.29,USD,post-market
TOUR,TUNIU CORPORATION,2026-08-25,2026-06-30,,USD,pre-market
ZM,ZOOM COMMUNICATIONS INCORPORATED,2026-08-25,2026-07-31,1.01,USD,post-market
A,AGILENT TECHNOLOGIES INCORPORATED,2026-08-26,2026-07-31,1.48,USD,post-market
ANF,ABERCROMBIE & FITCH COMPANY,2026-08-26,2026-07-31,1.9,USD,pre-market
BBWI,BATH & BODY WORKS INCORPORATED,2026-08-26,2026-07-31,0.24,USD,pre-market
BMA,MACRO BANK INCORPORATED,2026-08-26,2026-06-30,1.59,USD,
CRM,SALESFORCE INCORPORATED,2026-08-26,2026-07-31,2.35,USD,post-market
CRWD,CROWDSTRIKE HOLDINGS INCORPORATED,2026-08-26,2026-07-31,0.05,USD,post-market
DCI,DONALDSON COMPANY INCORPORATED,2026-08-26,2026-07-31,1.12,USD,pre-market
DOMO,DOMO INCORPORATED,2026-08-26,2026-07-31,,USD,
DXLG,DESTINATION XL GROUP INCORPORATED,2026-08-26,2026-07-31,,USD,
FIVE,FIVE BELOW INCORPORATED,2026-08-26,2026-07-31,1.28,USD,
HPQ,HP INCORPORATED,2026-08-26,2026-07-31,0.66,USD,post-market
KSS,KOHL'S CORPORATION,2026-08-26,2026-07-31,0.56,USD,pre-market
KTCC,KEY TRONIC CORPORATION,2026-08-26,2026-06-30,,USD,
LI,LI AUTO INCORPORATED,2026-08-26,2026-06-30,-0.01,USD,pre-market
LTRX,LANTRONIX INCORPORATED,2026-08-26,2026-06-30,-0.01,USD,post-market
MCFT,MASTERCRAFT BOAT HOLDINGS INCORPORATED,2026-08-26,2026-06-30,0.56,USD,
NTNX,NUTANIX INCORPORATED,2026-08-26,2026-07-31,0.18,USD,post-market
NVDA,NVIDIA CORPORATION,2026-08-26,2026-07-31,2.01,USD,post-market
OKTA,OKTA INCORPORATED,2026-08-26,2026-07-31,0.44,USD,post-market
OOMA,OOMA INCORPORATED,2026-08-26,2026-07-31,0.2,USD,post-market
P,EVERPURE INCORPORATED,2026-08-26,2026-07-31,0.19,USD,post-market
PAHC,PHIBRO ANIMAL HEALTH CORPORATION,2026-08-26,2026-06-30,0.72,USD,
PLAB,PHOTRONICS INCORPORATED,2026-08-26,2026-07-31,0.4,USD,pre-market
REX,REX AMERICAN RESOURCES CORPORATION,2026-08-26,2026-07-31,,USD,
SJ,SCIENJOY HOLDING CORPORATION,2026-08-26,2026-06-30,,USD,
SJM,THE J.M. SMUCKER COMPANY,2026-08-26,2026-07-31,2.19,USD,pre-market
SNPS,SYNOPSYS INCORPORATED,2026-08-26,2026-07-31,2.67,USD,post-market
STDN,STANDARD NUCLEAR INCORPORATED,2026-08-26,2026-06-30,,USD,post-market
TCOM,TRIP.COM GROUP LIMITED,2026-08-26,2026-06-30,0.84,USD,
TIGR,UP FINTECH HOLDING LIMITED,2026-08-26,2026-06-30,,USD,
TRMD,TORM PUBLIC LIMITED COMPANY,2026-08-26,2026-06-30,,USD,pre-market
URBN,URBAN OUTFITTERS INCORPORATED,2026-08-26,2026-07-31,1.72,USD,
VEEV,VEEVA SYSTEMS INCORPORATED,2026-08-26,2026-07-31,1.62,USD,post-market
WSM,WILLIAMS-SONOMA INCORPORATED,2026-08-26,2026-07-31,2.05,USD,
YB,YUANBAO INCORPORATED,2026-08-26,2026-06-30,,USD,
ZH,ZHIHU INCORPORATED,2026-08-26,2026-06-30,,USD,pre-market
ADSK,AUTODESK INCORPORATED,2026-08-27,2026-07-31,2.35,USD,post-market
AFRM,AFFIRM HOLDINGS INCORPORATED,2026-08-27,2026-06-30,0.33,USD,post-market
ALAR,ALARUM TECHNOLOGIES LIMITED,2026-08-27,2026-06-30,,USD,
ATHE,ALTERITY THERAPEUTICS LIMITED,2026-08-27,2026-06-30,,USD,
BBAR,BANCO BBVA ARGENTINA SOCIEDAD ANÓNIMA,2026-08-27,2026-06-30,0.35,USD,post-market
BBW,BUILD-A-BEAR WORKSHOP INCORPORATED,2026-08-27,2026-07-31,0.7,USD,
BBY,BEST BUY COMPANY INCORPORATED,2026-08-27,2026-07-31,1.34,USD,pre-market
BILI,BILIBILI INCORPORATED,2026-08-27,2026-06-30,0.13,USD,pre-market
BURL,BURLINGTON STORES INCORPORATED,2026-08-27,2026-07-31,2.17,USD,
BWLP,BW LPG LIMITED,2026-08-27,2026-06-30,,USD,pre-market
BZUN,BAOZUN INCORPORATED,2026-08-27,2026-06-30,,USD,pre-market
CM,CANADIAN IMPERIAL BANK OF COMMERCE,2026-08-27,2026-07-31,1.78,USD,pre-market
CMBT,CMB.TECH NV,2026-08-27,2026-06-30,,USD,pre-market
CSIQ,CANADIAN SOLAR INCORPORATED,2026-08-27,2026-06-30,-1.01,USD,pre-market
DG,DOLLAR GENERAL CORPORATION,2026-08-27,2026-07-31,2.0,USD,pre-market
DLTR,DOLLAR TREE INCORPORATED,2026-08-27,2026-07-31,1.11,USD,pre-market
ESTC,ELASTIC NAAMLOZE VENNOOTSCHAP,2026-08-27,2026-07-31,-0.14,USD,
GAP,GAP INCORPORATED (THE),2026-08-27,2026-07-31,0.5,USD,post-market
GCO,GENESCO INCORPORATED,2026-08-27,2026-07-31,-1.34,USD,
GLMD,GALMED PHARMACEUTICALS LIMITED,2026-08-27,2026-06-30,,USD,
GOTU,GAOTU TECHEDU INCORPORATED,2026-08-27,2026-06-30,,USD,pre-market
HMY,HARMONY GOLD MINING COMPANY LIMITED,2026-08-27,2026-06-30,,USD,
HQY,HEALTHEQUITY INCORPORATED,2026-08-27,2026-07-31,0.99,USD,pre-market
HRL,HORMEL FOODS CORPORATION,2026-08-27,2026-07-31,0.36,USD,pre-market
IMRN,IMMURON LIMITED,2026-08-27,2026-06-30,,USD,
IREN,IREN LIMITED,2026-08-27,2026-06-30,-0.8,USD,
KEN,KENON HOLDINGS LIMITED,2026-08-27,2026-06-30,,USD,
KOSS,KOSS CORPORATION,2026-08-27,2026-06-30,,USD,
LOT,LOTUS TECHNOLOGY INCORPORATED,2026-08-27,2026-06-30,,USD,pre-market
LUCK,LUCKY STRIKE ENTERTAINMENT CORPORATION,2026-08-27,2026-06-30,-0.05,USD,
MBUU,MALIBU BOATS INCORPORATED,2026-08-27,2026-06-30,0.8,USD,
MOV,MOVADO GROUP INCORPORATED,2026-08-27,2026-07-31,0.36,USD,
MRVL,MARVELL TECHNOLOGY INCORPORATED,2026-08-27,2026-07-31,0.65,USD,post-market
MTLS,MATERIALISE NV,2026-08-27,2026-06-30,,USD,pre-market
NAT,NORDIC AMERICAN TANKERS LIMITED,2026-08-27,2026-06-30,0.23,USD,
OLLI,OLLIE'S BARGAIN OUTLET HOLDINGS INCORPORATED,2026-08-27,2026-07-31,1.15,USD,
RBRK,RUBRIK INCORPORATED,2026-08-27,2026-07-31,-0.34,USD,post-market
RY,ROYAL BANK OF CANADA,2026-08-27,2026-07-31,2.89,USD,pre-market
S,SENTINELONE INCORPORATED,2026-08-27,2026-07-31,-0.13,USD,post-market
TD,TORONTO DOMINION BANK (THE),2026-08-27,2026-07-31,1.73,USD,pre-market
TITN,TITAN MACHINERY INCORPORATED,2026-08-27,2026-07-31,-0.33,USD,pre-market
TULP,BLOOMIA HOLDINGS INCORPORATED,2026-08-27,2026-06-30,,USD,
ULTA,ULTA BEAUTY INCORPORATED,2026-08-27,2026-07-31,6.17,USD,post-market
WDAY,WORKDAY INCORPORATED,2026-08-27,2026-07-31,1.26,USD,post-market
WOOF,PETCO HEALTH AND WELLNESS COMPANY INCORPORATED,2026-08-27,2026-07-31,0.03,USD,
BRID,BRIDGFORD FOODS CORPORATION,2026-08-28,2026-07-31,,USD,
HAFN,HAFNIA LIMITED,2026-08-28,2026-06-30,,USD,pre-market
LABT,LAKEWOOD-AMEDEX BIOTHERAPEUTICS INCORPORATED,2026-08-28,2026-06-30,0.65,USD,
UI,UBIQUITI INCORPORATED,2026-08-28,2026-06-30,3.67,USD,
ZONE,CLEANCORE SOLUTIONS INCORPORATED,2026-08-28,2026-06-30,,USD,
SAIC,SCIENCE APPLICATIONS INTERNATIONAL CORPORATION,2026-08-31,2026-07-31,2.25,USD,pre-market
ASO,ACADEMY SPORTS AND OUTDOORS INCORPORATED,2026-09-01,2026-07-31,2.07,USD,
CISS,C3IS INCORPORATED,2026-09-01,2026-06-30,,USD,
CRDO,CREDO TECHNOLOGY GROUP HOLDING LIMITED,2026-09-01,2026-07-31,0.91,USD,post-market
GDEV,GDEV INCORPORATED,2026-09-01,2026-06-30,1.08,USD,
GEG,GREAT ELM GROUP INCORPORATED,2026-09-01,2026-06-30,,USD,
IRS,IRSA INVERSIONES Y REPRESENTACIONES SOCIEDAD ANÓNIMA,2026-09-01,2026-06-30,,USD,
MDB,MONGODB INCORPORATED,2026-09-01,2026-07-31,0.08,USD,post-market
MDT,MEDTRONIC PUBLIC LIMITED COMPANY,2026-09-01,2026-07-31,1.38,USD,pre-market
MMED,MINIMED GROUP INCORPORATED,2026-09-01,2026-07-31,0.09,USD,pre-market
NIO,NIO INCORPORATED,2026-09-01,2026-06-30,-0.07,USD,
PANW,PALO ALTO NETWORKS INCORPORATED,2026-09-01,2026-07-31,0.51,USD,post-market
PICS,PICS NAAMLOZE VENNOOTSCHAP,2026-09-01,2026-06-30,0.45,USD,
RZLV,REZOLVE AI LTD,2026-09-01,2026-06-30,,USD,pre-market
AEO,AMERICAN EAGLE OUTFITTERS INCORPORATED,2026-09-02,2026-07-31,0.21,USD,
AI,C3.AI INCORPORATED,2026-09-02,2026-07-31,-0.63,USD,
AVGO,BROADCOM INCORPORATED,2026-09-02,2026-07-31,2.83,USD,post-market
BF.A,BROWN FORMAN CORPORATION,2026-09-02,2026-07-31,,USD,pre-market
BF.B,BROWN FORMAN CORPORATION,2026-09-02,2026-07-31,0.38,USD,pre-market
CHPT,CHARGEPOINT HOLDINGS INCORPORATED,2026-09-02,2026-07-31,-1.58,USD,
COE,51TALK ONLINE EDUCATION GROUP,2026-09-02,2026-06-30,,USD,
CXM,SPRINKLR INCORPORATED,2026-09-02,2026-07-31,0.03,USD,pre-market
GTLB,GITLAB INCORPORATED,2026-09-02,2026-07-31,-0.07,USD,
HPE,HEWLETT PACKARD ENTERPRISE COMPANY,2026-09-02,2026-07-31,0.81,USD,post-market
JILL,J. JILL INCORPORATED,2026-09-02,2026-07-31,0.58,USD,
LND,BRASILAGRO CIA BRASILEIRA DE PROPRIEDADES AGRICOLAS,2026-09-02,2026-06-30,,USD,
M,MACY'S INCORPORATED,2026-09-02,2026-07-31,0.35,USD,
NEWP,NEW PACIFIC METALS CORPORATION,2026-09-02,2026-06-30,0.0,USD,
NTAP,NETAPP INCORPORATED,2026-09-02,2026-07-31,1.7,USD,post-market
NTSK,NETSKOPE INCORPORATED,2026-09-02,2026-07-31,-0.26,USD,post-market
PD,PAGERDUTY INCORPORATED,2026-09-02,2026-07-31,0.12,USD,
PHR,PHREESIA INCORPORATED,2026-09-02,2026-07-31,0.1,USD,post-market
RGS,REGIS CORPORATION,2026-09-02,2026-06-30,,USD,
SNOW,SNOWFLAKE INCORPORATED,2026-09-02,2026-07-31,-0.51,USD,post-market
TLYS,TILLY'S INCORPORATED,2026-09-02,2026-07-31,0.17,USD,post-market
YQ,17 EDUCATION & TECHNOLOGY GROUP INCORPORATED,2026-09-02,2026-06-30,,USD,
AGX,ARGAN INCORPORATED,2026-09-03,2026-07-31,2.67,USD,
AMBA,AMBARELLA INCORPORATED,2026-09-03,2026-07-31,-0.3,USD,post-market
AOUT,AMERICAN OUTDOOR BRANDS INCORPORATED,2026-09-03,2026-07-31,-0.22,USD,
ASAN,ASANA INCORPORATED,2026-09-03,2026-07-31,-0.11,USD,post-market
BBCP,CONCRETE PUMPING HOLDINGS INCORPORATED,2026-09-03,2026-07-31,0.08,USD,
BRC,BRADY CORPORATION,2026-09-03,2026-07-31,,USD,
BRZE,BRAZE INCORPORATED,2026-09-03,2026-07-31,-0.21,USD,
CAL,CALERES INCORPORATED,2026-09-03,2026-07-31,0.38,USD,
CANG,CANGO INCORPORATED,2026-09-03,2026-06-30,-0.9,USD,
CIEN,CIENA CORPORATION,2026-09-03,2026-07-31,1.45,USD,pre-market
CPB,THE CAMPBELL'S COMPANY,2026-09-03,2026-07-31,0.4,USD,pre-market
CPRT,COPART INCORPORATED,2026-09-03,2026-07-31,0.39,USD,
CRESY,CRESUD SOCIEDAD ANÓNIMAC.I.F. Y A.,2026-09-03,2026-06-30,,USD,
CRMT,AMERICA'S CAR-MART INCORPORATED,2026-09-03,2026-07-31,,USD,
CURV,TORRID HOLDINGS INCORPORATED,2026-09-03,2026-07-31,-0.03,USD,
DAVA,ENDAVA PUBLIC LIMITED COMPANY,2026-09-03,2026-06-30,0.05,USD,
DELL,DELL TECHNOLOGIES INCORPORATED,2026-09-03,2026-07-31,4.63,USD,post-market
DLTH,DULUTH HOLDINGS INCORPORATED,2026-09-03,2026-07-31,-0.05,USD,
DOCU,DOCUSIGN INCORPORATED,2026-09-03,2026-07-31,0.44,USD,
DOO,BRP INCORPORATED,2026-09-03,2026-07-31,-0.46,USD,pre-market
EGAN,EGAIN CORPORATION,2026-09-03,2026-06-30,0.0,USD,
FLWS,1-800-FLOWERS.COM INCORPORATED,2026-09-03,2026-06-30,-0.72,USD,
GIII,G-III APPAREL GROUP LIMITED,2026-09-03,2026-07-31,0.25,USD,
GWRE,GUIDEWIRE SOFTWARE INCORPORATED,2026-09-03,2026-07-31,0.49,USD,
IOT,SAMSARA INCORPORATED,2026-09-03,2026-07-31,0.02,USD,post-market
LFVN,LIFEVANTAGE CORPORATION,2026-09-03,2026-06-30,0.15,USD,
LULU,LULULEMON ATHLETICA INCORPORATED,2026-09-03,2026-07-31,1.79,USD,
MOMO,HELLO GROUP INCORPORATED,2026-09-03,2026-06-30,,USD,pre-market
NX,QUANEX BUILDING PRODUCTS CORPORATION,2026-09-03,2026-07-31,0.68,USD,
PATH,UIPATH INCORPORATED,2026-09-03,2026-07-31,0.04,USD,post-market
PDEX,PRO-DEX INCORPORATED,2026-09-03,2026-06-30,0.67,USD,
PL,PLANET LABS PBC,2026-09-03,2026-07-31,-0.18,USD,post-market
SHOE,SHOE STATION GROUP INCORPORATED,2026-09-03,2026-07-31,0.32,USD,
SPWH,SPORTSMAN'S WAREHOUSE HOLDINGS INCORPORATED,2026-09-03,2026-07-31,-0.12,USD,
SWBI,SMITH & WESSON BRANDS INCORPORATED,2026-09-03,2026-07-31,,USD,
TTC,TORO COMPANY (THE),2026-09-03,2026-07-31,1.3,USD,
VBNK,VERSABANK,2026-09-03,2026-07-31,0.35,USD,
VFS,VINFAST AUTO LIMITED,2026-09-03,2026-06-30,-0.26,USD,
VSXY,VICTORIAS SECRET & COMPANY,2026-09-03,2026-07-31,0.77,USD,pre-market
WDH,WATERDROP INCORPORATED,2026-09-03,2026-06-30,,USD,
WLY,JOHN WILEY & SONS INCORPORATED,2026-09-03,2026-07-31,0.4,USD,
WLYB,JOHN WILEY & SONS INCORPORATED,2026-09-03,2026-07-31,,USD,
ZS,ZSCALER INCORPORATED,2026-09-03,2026-07-31,0.06,USD,post-market
ZUMZ,ZUMIEZ INCORPORATED,2026-09-03,2026-07-31,-0.11,USD,
ABM,ABM INDUSTRIES INCORPORATED,2026-09-04,2026-07-31,1.01,USD,
BMRA,BIOMERICA INCORPORATED,2026-09-04,2026-05-31,,USD,
CELU,CELULARITY INCORPORATED,2026-09-04,2026-06-30,,USD,
CHA,CHAGEE HOLDINGS LIMITED,2026-09-04,2026-06-30,0.33,USD,
ENLV,ENLIVEX LIMITED,2026-09-04,2026-06-30,-0.31,USD,
FRO,FRONTLINE PUBLIC LIMITED COMPANY,2026-09-04,2026-06-30,,USD,
HTLM,HOMESTOLIFE LIMITED,2026-09-04,2026-06-30,,USD,
HURC,HURCO COMPANIES INCORPORATED,2026-09-04,2026-07-31,,USD,
IBIO,IBIO INCORPORATED,2026-09-04,2026-06-30,-0.07,USD,
IMMP,IMMUTEP LIMITED,2026-09-04,2026-06-30,,USD,
IMPP,IMPERIAL PETROLEUM INCORPORATED,2026-09-04,2026-06-30,,USD,
KNOP,KNOT OFFSHORE PARTNERS LIMITED PARTNERSHIP,2026-09-04,2026-06-30,-0.03,USD,pre-market
KT,KT CORPORATION,2026-09-04,2026-06-30,,USD,
MESO,MESOBLAST LIMITED,2026-09-04,2026-06-30,,USD,
NRT,NORTH EUROPEAN OIL ROYALITY TRUST,2026-09-04,2026-07-31,,USD,
PLCE,CHILDREN'S PLACE INCORPORATED (THE),2026-09-04,2026-07-31,,USD,
VIRC,VIRCO MANUFACTURING CORPORATION,2026-09-04,2026-07-31,,USD,
DETX,LIBERTY DEFENSE HOLDINGS LIMITED,2026-09-07,2026-06-30,,USD,
OPTH,OPTIMI HEALTH CORPORATION,2026-09-07,2026-06-30,-0.26,USD,
ALOT,ASTRONOVA INCORPORATED,2026-09-08,2026-07-31,,USD,
AVAV,AEROVIRONMENT INCORPORATED,2026-09-08,2026-07-31,0.34,USD,
AXR,AMREP CORPORATION,2026-09-08,2026-07-31,,USD,
BIOX,BIOCERES CROP SOLUTIONS CORPORATION,2026-09-08,2026-06-30,,USD,
CGNT,COGNYTE SOFTWARE LIMITED,2026-09-08,2026-07-31,0.01,USD,
CNM,CORE & MAIN INCORPORATED,2026-09-08,2026-07-31,0.91,USD,
CURX,CURANEX PHARMACEUTICALS INCORPORATED,2026-09-08,2026-06-30,,USD,
DBI,DESIGNER BRANDS INCORPORATED,2026-09-08,2026-07-31,0.25,USD,
FCEL,FUELCELL ENERGY INCORPORATED,2026-09-08,2026-07-31,-0.35,USD,
GME,GAMESTOP CORPORATION,2026-09-08,2026-07-31,,USD,
GOLD,GOLD.COM INCORPORATED,2026-09-08,2026-06-30,0.96,USD,
ICON,ICON ENERGY CORPORATION,2026-09-08,2026-06-30,,USD,
INNV,INNOVAGE HOLDING CORPORATION,2026-09-08,2026-06-30,0.07,USD,
KFY,KORN FERRY,2026-09-08,2026-07-31,1.35,USD,
LAKE,LAKELAND INDUSTRIES INCORPORATED,2026-09-08,2026-07-31,-0.02,USD,
LE,LANDS' END INCORPORATED,2026-09-08,2026-07-31,0.1,USD,
LITB,LIGHTINTHEBOX HOLDING COMPANY LIMITED,2026-09-08,2026-06-30,,USD,
LMNR,LIMONEIRA COMPANY,2026-09-08,2026-07-31,0.13,USD,
MEI,METHODE ELECTRONICS INCORPORATED,2026-09-08,2026-07-31,-0.47,USD,
MIND,MIND TECHNOLOGY INCORPORATED,2026-09-08,2026-07-31,,USD,
MTRX,MATRIX SERVICE COMPANY,2026-09-08,2026-06-30,0.17,USD,
NTRB,NUTRIBAND INCORPORATED,2026-09-08,2026-07-31,,USD,
ORCL,ORACLE CORPORATION,2026-09-08,2026-08-31,1.39,USD,
SAIL,SAILPOINT INCORPORATED,2026-09-08,2026-07-31,0.08,USD,
SKIL,SKILLSOFT CORPORATION,2026-09-08,2026-07-31,0.54,USD,
TTAN,SERVICETITAN INCORPORATED,2026-09-08,2026-07-31,-0.09,USD,post-market
UNFI,UNITED NATURAL FOODS INCORPORATED,2026-09-08,2026-07-31,0.62,USD,pre-market
AENT,ALLIANCE ENTERTAINMENT HOLDING CORPORATION,2026-09-09,2026-06-30,0.02,USD,
ALZN,ALZAMEND NEURO INCORPORATED,2026-09-09,2026-07-31,-0.67,USD,
AMBR,AMBER INTERNATIONAL HOLDING LIMITED,2026-09-09,2026-06-30,,USD,
ANIX,ANIXA BIOSCIENCES INCORPORATED,2026-09-09,2026-07-31,-0.08,USD,
AVNW,AVIAT NETWORKS INCORPORATED,2026-09-09,2026-06-30,0.4,USD,
CHWY,CHEWY INCORPORATED,2026-09-09,2026-07-31,0.18,USD,
COO,THE COOPER COMPANIES INCORPORATED,2026-09-09,2026-07-31,1.11,USD,post-market
CULP,CULP INCORPORATED,2026-09-09,2026-07-31,0.44,USD,
DAKT,DAKTRONICS INCORPORATED,2026-09-09,2026-07-31,0.36,USD,
KEQU,KEWAUNEE SCIENTIFIC CORPORATION,2026-09-09,2026-07-31,,USD,
LSAK,LESAKA TECHNOLOGIES INCORPORATED,2026-09-09,2026-06-30,0.03,USD,
ODD,ODDITY TECH LIMITED,2026-09-09,2026-06-30,0.0,USD,pre-market
OXM,OXFORD INDUSTRIES INCORPORATED,2026-09-09,2026-07-31,1.32,USD,
SCNI,SCINAI IMMUNOTHERAPEUTICS LIMITED,2026-09-09,2026-06-30,,USD,
SIG,SIGNET JEWELERS LIMITED,2026-09-09,2026-07-31,1.69,USD,pre-market
TEN,TSAKOS ENERGY NAVIGATION LIMITED,2026-09-09,2026-06-30,,USD,
VNCE,VINCE HOLDING CORPORATION,2026-09-09,2026-07-31,0.27,USD,
ADBE,ADOBE INCORPORATED,2026-09-10,2026-08-31,4.86,USD,post-market
CMCM,CHEETAH MOBILE INCORPORATED,2026-09-10,2026-06-30,,USD,
CMND,CLEARMIND MEDICINE INCORPORATED,2026-09-10,2026-07-31,,USD,
DSGX,THE DESCARTES SYSTEMS GROUP INCORPORATED,2026-09-10,2026-07-31,0.57,USD,post-market
ENGN,ENGENE THERAPEUTICS INCORPORATED,2026-09-10,2026-07-31,-0.47,USD,
EVI,EVI INDUSTRIES INCORPORATED,2026-09-10,2026-06-30,,USD,
FEIM,FREQUENCY ELECTRONICS INCORPORATED,2026-09-10,2026-07-31,,USD,
FIZZ,NATIONAL BEVERAGE CORPORATION,2026-09-10,2026-07-31,,USD,
HOFT,HOOKER FURNISHINGS CORPORATION,2026-09-10,2026-07-31,-0.02,USD,
HSCS,HEARTSCIENCES INCORPORATED,2026-09-10,2026-07-31,-0.78,USD,
IBEX,IBEX LIMITED,2026-09-10,2026-06-30,,USD,
KMTS,KESTRA MEDICAL TECHNOLOGIES LIMITED,2026-09-10,2026-07-31,-0.61,USD,
KR,KROGER COMPANY (THE),2026-09-10,2026-07-31,1.05,USD,
LOVE,THE LOVESAC COMPANY,2026-09-10,2026-07-31,-0.39,USD,
OCC,OPTICAL CABLE CORPORATION,2026-09-10,2026-07-31,,USD,
PMI,PICARD MEDICAL INCORPORATED,2026-09-10,2026-06-30,-1.5,USD,
RENT,RENT THE RUNWAY INCORPORATED,2026-09-10,2026-07-31,,USD,
RFIL,RF INDUSTRIES LIMITED,2026-09-10,2026-07-31,0.18,USD,
RH,RH,2026-09-10,2026-07-31,0.29,USD,
UROY,URANIUM ROYALTY CORPORATION,2026-09-10,2026-07-31,0.05,USD,
VRA,VERA BRADLEY INCORPORATED,2026-09-10,2026-07-31,-0.08,USD,
IHT,INNSUITES HOSPITALITY TRUST,2026-09-11,2026-07-31,,USD,
JVA,COFFEE HOLDING COMPANY INCORPORATED,2026-09-11,2026-07-31,,USD,
TPET,TRIO PETROLEUM CORPORATION,2026-09-11,2026-07-31,,USD,
ABVX,ABIVAX SA,2026-09-14,2026-06-30,-1.08,USD,
AVO,MISSION PRODUCE INCORPORATED,2026-09-14,2026-07-31,0.05,USD,
BNR,BURNING ROCK BIOTECH LIMITED,2026-09-14,2026-06-30,,USD,
CASY,CASEYS GENERAL STORES INCORPORATED,2026-09-14,2026-07-31,6.58,USD,
DLNG,DYNAGAS LNG PARTNERS LIMITED PARTNERSHIP,2026-09-14,2026-06-30,,USD,
GROW,U.S. GLOBAL INVESTORS INCORPORATED,2026-09-14,2026-06-30,,USD,
MAMA,MAMA'S CREATIONS INCORPORATED,2026-09-14,2026-07-31,0.05,USD,
VZLA,VIZSLA SILVER CORPORATION,2026-09-14,2026-07-31,0.0,USD,
YEXT,YEXT INCORPORATED,2026-09-14,2026-07-31,0.1,USD,
EPM,EVOLUTION PETROLEUM CORPORATION INCORPORATED,2026-09-15,2026-06-30,0.02,USD,
ESP,ESPEY MFG. & ELECTRONICS CORPORATION,2026-09-15,2026-06-30,,USD,
CBRL,CRACKER BARREL OLD COUNTRY STORE INCORPORATED,2026-09-16,2026-07-31,0.12,USD,
DSWL,DESWELL INDUSTRIES INCORPORATED,2026-09-16,2026-06-30,,USD,
GIS,GENERAL MILLS INCORPORATED,2026-09-16,2026-08-31,0.73,USD,
HERE,HERE GROUP LIMITED,2026-09-16,2026-06-30,,USD,
MANU,MANCHESTER UNITED LIMITED,2026-09-16,2026-06-30,,USD,
PLUR,PLURI INCORPORATED,2026-09-16,2026-06-30,,USD,
RZLT,REZOLUTE INCORPORATED,2026-09-16,2026-06-30,-0.13,USD,
SANG,SANGOMA TECHNOLOGIES CORPORATION,2026-09-16,2026-06-30,-0.06,USD,
YI,111 INCORPORATED,2026-09-16,2026-06-30,,USD,
ABAT,AMERICAN BATTERY TECHNOLOGY COMPANY,2026-09-17,2026-06-30,,USD,
DRI,DARDEN RESTAURANTS INCORPORATED,2026-09-17,2026-08-31,2.07,USD,
FDS,FACTSET RESEARCH SYSTEMS INCORPORATED,2026-09-17,2026-08-31,4.3,USD,
IH,IHUMAN INCORPORATED,2026-09-17,2026-06-30,,USD,
LEN,LENNAR CORPORATION,2026-09-17,2026-08-31,1.31,USD,
LEN.B,LENNAR CORPORATION,2026-09-17,2026-08-31,,USD,
RSSS,RESEARCH SOLUTIONS INCORPORATED,2026-09-17,2026-06-30,0.03,USD,
SCHL,SCHOLASTIC CORPORATION,2026-09-17,2026-08-31,-3.4,USD,
MNY,MONEYHERO LIMITED,2026-09-18,2026-06-30,-0.02,USD,
TRT,TRIO-TECH INTERNATIONAL,2026-09-18,2026-06-30,,USD,
CODA,CODA OCTOPUS GROUP INCORPORATED,2026-09-21,2026-07-31,,USD,
CSBR,CHAMPIONS ONCOLOGY INCORPORATED,2026-09-21,2026-07-31,,USD,
HAIN,THE HAIN CELESTIAL GROUP INCORPORATED,2026-09-21,2026-06-30,-0.03,USD,
HITI,HIGH TIDE INCORPORATED,2026-09-21,2026-07-31,0.01,USD,
HYFT,MINDWALK HOLDINGS CORPORATION,2026-09-21,2026-07-31,-0.05,USD,
ISPR,ISPIRE TECHNOLOGY INCORPORATED,2026-09-21,2026-06-30,-0.02,USD,
KEP,KOREA ELECTRIC POWER CORPORATION,2026-09-21,2026-06-30,0.33,USD,
MSB,MESABI TRUST,2026-09-21,2026-07-31,,USD,
OPTT,OCEAN POWER TECHNOLOGIES INCORPORATED,2026-09-21,2026-07-31,0.03,USD,
PLAY,DAVE & BUSTER'S ENTERTAINMENT INCORPORATED,2026-09-21,2026-07-31,0.19,USD,
PMCB,PHARMACYTE  BIOTECH INCORPORATED,2026-09-21,2026-07-31,,USD,
PPIH,PERMA-PIPE INTERNATIONAL HOLDINGS INCORPORATED,2026-09-21,2026-07-31,,USD,
RLGT,RADIANT LOGISTICS INCORPORATED,2026-09-21,2026-06-30,,USD,
USAU,U.S. GOLD CORPORATION,2026-09-21,2026-07-31,-0.23,USD,
VALU,VALUE LINE INCORPORATED,2026-09-21,2026-07-31,,USD,
YYAI,AIRWA INCORPORATED,2026-09-21,2026-07-31,,USD,
AIR,AAR CORPORATION,2026-09-22,2026-08-31,,USD,
AYTU,AYTU BIOPHARMA INCORPORATED,2026-09-22,2026-06-30,-0.22,USD,
AZO,AUTOZONE INCORPORATED,2026-09-22,2026-08-31,55.08,USD,
MLKN,MILLERKNOLL INCORPORATED,2026-09-22,2026-08-31,0.35,USD,
MU,MICRON TECHNOLOGY INCORPORATED,2026-09-22,2026-08-31,31.17,USD,
NAII,NATURAL ALTERNATIVES INTERNATIONAL INCORPORATED,2026-09-22,2026-06-30,,USD,
WOR,WORTHINGTON ENTERPRISES INCORPORATED,2026-09-22,2026-08-31,0.76,USD,
CTAS,CINTAS CORPORATION,2026-09-23,2026-08-31,1.35,USD,
FUL,H. B. FULLER COMPANY,2026-09-23,2026-08-31,1.46,USD,
KBH,KB HOME,2026-09-23,2026-08-31,0.88,USD,
SFIX,STITCH FIX INCORPORATED,2026-09-23,2026-07-31,-0.06,USD,
THO,THOR INDUSTRIES INCORPORATED,2026-09-23,2026-07-31,0.95,USD,
UEC,URANIUM ENERGY CORPORATION,2026-09-23,2026-07-31,-0.04,USD,
WS,WORTHINGTON STEEL INCORPORATED,2026-09-23,2026-08-31,1.16,USD,
ACN,ACCENTURE PUBLIC LIMITED COMPANY,2026-09-24,2026-08-31,3.19,USD,
ASTC,ASTROTECH CORPORATION,2026-09-24,2026-06-30,,USD,
BB,BLACKBERRY LIMITED,2026-09-24,2026-08-31,0.03,USD,
BTOC,ARMLOGI HOLDING CORPORATION,2026-09-24,2026-06-30,,USD,
CNXC,CONCENTRIX CORPORATION,2026-09-24,2026-08-31,2.4,USD,
COST,COSTCO WHOLESALE CORPORATION,2026-09-24,2026-08-31,6.51,USD,
JBL,JABIL INCORPORATED,2026-09-24,2026-08-31,3.86,USD,
KMX,CARMAX INCORPORATED,2026-09-24,2026-08-31,0.68,USD,
LGCY,LEGACY EDUCATION INCORPORATED,2026-09-24,2026-06-30,0.12,USD,
LPTH,LIGHTPATH TECHNOLOGIES INCORPORATED,2026-09-24,2026-06-30,-0.02,USD,
LUXE,LUXEXPERIENCE B.V.,2026-09-24,2026-06-30,-0.15,USD,
PZG,PARAMOUNT GOLD NEVADA CORPORATION,2026-09-24,2026-06-30,,USD,
RAVE,RAVE RESTAURANT GROUP INCORPORATED,2026-09-24,2026-06-30,,USD,
SNX,TD SYNNEX CORPORATION,2026-09-24,2026-08-31,4.38,USD,
TBN,TAMBORAN RESOURCES CORPORATION,2026-09-24,2026-06-30,-0.25,USD,
DTSS,DATASEA INTELLIGENT TECHNOLOGY LIMITED,2026-09-25,2026-06-30,,USD,
LITS,LITE STRATEGY INCORPORATED,2026-09-25,2026-06-30,,USD,
MITQ,MOVING IMAGE TECHNOLOGIES INCORPORATED,2026-09-25,2026-06-30,,USD,
VIDA,VIDA GLOBAL INCORPORATED,2026-09-25,2026-06-30,,USD,
QPTFF,QPTFF,2026-09-27,2026-07-31,,USD,
AIAI,AIAI HOLDINGS CORP - CLASS A,2026-09-28,2026-06-30,,USD,
BKRRF,BKRRF,2026-09-28,2026-07-31,-0.01,USD,
BNTC,BENITEC BIOPHARMA INC,2026-09-28,2026-06-30,-0.25,AUD,
BVLDF,BVLDF,2026-09-28,2026-07-31,,USD,
CAXPF,CAXPF,2026-09-28,2026-07-31,,USD,
CLRMF,CLRMF,2026-09-28,2026-07-31,,USD,
EBF,ENNIS INC,2026-09-28,2026-08-31,,USD,
FANCF,FANCF,2026-09-28,2026-07-31,,USD,
FLMTF,FLMTF,2026-09-28,2026-08-31,,USD,
FOXTF,FOXTF,2026-09-28,2026-07-31,,USD,
HPYCF,HPYCF,2026-09-28,2026-07-31,,USD,
INM,INMED PHARMACEUTICALS INC,2026-09-28,2026-06-30,,USD,
MSS,MAISON SOLUTIONS INC - CLASS A,2026-09-28,2026-07-31,0.57,USD,
NCPL,NETCAPITAL INC,2026-09-28,2026-07-31,,USD,
NPT,TEXXON HOLDING LTD,2026-09-28,2026-06-30,,USD,
NXSGF,NXSGF,2026-09-28,2026-07-31,,USD,
OROXF,OROXF,2026-09-28,2026-08-31,,USD,
PBM,PSYENCE BIOMEDICAL LTD,2026-09-28,2026-06-30,,USD,
PGPGF,PGPGF,2026-09-28,2026-07-31,,USD,
RCGCF,RCGCF,2026-09-28,2026-07-31,,USD,
RCTFF,RCTFF,2026-09-28,2026-08-31,,USD,
SHAOF,SHAOF,2026-09-28,2026-08-31,55.63,USD,
TGL,TREASURE GLOBAL INC,2026-09-28,2026-06-30,,USD,
VPRIF,VPRIF,2026-09-28,2026-07-31,,USD,
VRAR,VRAR,2026-09-28,2026-06-30,,USD,
WTCZD,WTCZD,2026-09-28,2026-07-31,,USD,
WTCZF,WTCZF,2026-09-28,2026-07-31,,USD,
AURWF,AURWF,2026-09-29,2026-06-30,,USD,
AZMTF,AZMTF,2026-09-29,2026-08-31,,USD,
BELMF,BELMF,2026-09-29,2026-07-31,,USD,
CBGPF,CBGPF,2026-09-29,2026-07-31,,USD,
CHKKF,CHKKF,2026-09-29,2026-08-31,,USD,
CMILF,CMILF,2026-09-29,2026-08-31,,USD,
CMTL,COMTECH TELECOMMUNICATIONS CORP,2026-09-29,2026-07-31,-0.27,USD,
CNIKF,CNIKF,2026-09-29,2026-07-31,,USD,
CRFCF,CRFCF,2026-09-29,2026-07-31,,USD,
CSSPF,CSSPF,2026-09-29,2026-06-30,,USD,
ELLO,ELLOMAY CAPITAL LTD,2026-09-29,2026-06-30,,USD,
GMGMF,GMGMF,2026-09-29,2026-06-30,-0.02,USD,
GNFTF,GNFTF,2026-09-29,2026-06-30,,USD,
HBBHF,HBBHF,2026-09-29,2026-08-31,,USD,
INTG,INTERGROUP CORP,2026-09-29,2026-06-30,,USD,
IPX,IPERIONX LTD,2026-09-29,2026-06-30,-0.16,USD,
LW,LAMB WESTON HOLDINGS INC,2026-09-29,2026-08-31,0.58,USD,
MMMRF,MMMRF,2026-09-29,2026-07-31,,USD,
NBTX,NANOBIOTIX,2026-09-29,2026-06-30,,USD,
NEXNF,NEXNF,2026-09-29,2026-08-31,,USD,
NKE,NIKE INC - CLASS B,2026-09-29,2026-08-31,0.44,USD,
NKLR,TERRA INNOVATUM GLOBAL NAAMLOZE VENNOOTSCHAP,2026-09-29,2026-06-30,-0.05,USD,
NSRCF,NSRCF,2026-09-29,2026-06-30,-0.03,USD,
ORRCF,ORRCF,2026-09-29,2026-08-31,,USD,
PAYX,PAYCHEX INC,2026-09-29,2026-08-31,1.33,USD,
RMDFF,RMDFF,2026-09-29,2026-08-31,,USD,
RSGLF,RSGLF,2026-09-29,2026-07-31,,USD,
SXLXF,SXLXF,2026-09-29,2026-07-31,,USD,
TMQ,TRILOGY METALS INC,2026-09-29,2026-08-31,-0.01,USD,
TWRFF,TWRFF,2026-09-29,2026-07-31,,USD,
UCPLF,UCPLF,2026-09-29,2026-06-30,,USD,
UXIN,UXIN LTD,2026-09-29,2026-06-30,,USD,
ACOLF,ACOLF,2026-09-30,2026-08-31,52.83,USD,
CKHGF,CKHGF,2026-09-30,2026-08-31,,USD,
ENEVF,ENEVF,2026-09-30,2026-08-31,,USD,
EUEMF,EUEMF,2026-09-30,2026-08-31,,USD,
LCRXF,LCRXF,2026-09-30,2026-06-30,,USD,
ALVLF,ALVLF,2026-10-01,2026-09-30,,USD,
ANGO,ANGIODYNAMIC INC,2026-10-01,2026-08-31,-0.1,USD,
CMCXF,CMCXF,2026-10-01,2026-09-30,,USD,
CPWHF,CPWHF,2026-10-01,2026-09-30,,USD,
FOBIF,FOBIF,2026-10-01,2026-09-30,,USD,
PBK,POWERBANK CORPORATION,2026-10-01,2026-06-30,-0.01,USD,
SOIEF,SOIEF,2026-10-01,2026-08-31,1.05,USD,
USSHF,USSHF,2026-10-01,2026-08-31,,USD,
VRAX,VIRAX BIOLABS GROUP LTD - CLASS A,2026-10-01,2026-06-30,-1.75,USD,
JDWPF,JDWPF,2026-10-02,2026-07-31,,USD,
JDWPY,JDWPY,2026-10-02,2026-07-31,,USD,
KARNF,KARNF,2026-10-02,2026-09-30,,USD,
LIMN,LIMINATUS PHARMA INC,2026-10-02,2026-06-30,,USD,
OPTX,SYNTEC OPTICS HOLDINGS INC - CLASS A,2026-10-02,2026-09-30,,USD,
ADXN,ADDEX THERAPEUTICS LTD,2026-10-05,2026-06-30,,USD,
AEHR,AEHR TEST SYSTEMS,2026-10-05,2026-08-31,0.05,USD,
AMSS,GRANITESHARES 2X SHORT AMD DAILY ETF ,2026-10-05,2026-09-30,,USD,
AMST,AMESITE INC,2026-10-05,2026-06-30,,USD,
CCL,CARNIVAL CORPORATION LTD (PAIRED STOCK),2026-10-05,2026-08-31,1.36,USD,
FEAM,5E ADVANCED MATERIALS INC,2026-10-05,2026-06-30,-0.28,USD,
FKWL,FRANKLIN WIRELESS CORP,2026-10-05,2026-06-30,,USD,
GGRP,GLIMPSE GROUP INC (THE),2026-10-05,2026-06-30,,USD,
IDT,IDT CORP - CLASS B,2026-10-05,2026-07-31,,USD,
IXHL,INCANNEX HEALTHCARE INC,2026-10-05,2026-06-30,0.13,USD,
JEF,JEFFERIES FINANCIAL GROUP INC,2026-10-05,2026-08-31,0.87,USD,
MARPS,MARINE PETROLEUM TRUST,2026-10-05,2026-06-30,,USD,
MTN,VAIL RESORTS INC,2026-10-05,2026-07-31,-5.31,USD,
NEOV,NEOVOLTA INC,2026-10-05,2026-06-30,-0.1,USD,
NEUP,NEUPHORIA THERAPEUTICS INC,2026-10-05,2026-06-30,-0.56,USD,
NNVC,NANOVIRICIDES INC,2026-10-05,2026-06-30,-0.11,USD,
NTWK,NETSOL TECHNOLOGIES INC,2026-10-05,2026-06-30,,USD,
NXAGF,NXAGF,2026-10-05,2026-08-31,,USD,
POCI,PRECISION OPTICS CORP INC,2026-10-05,2026-06-30,,USD,
PPCB,PROPANC BIOPHARMA INC,2026-10-05,2026-06-30,,USD,
PRGS,PROGRESS SOFTWARE CORP,2026-10-05,2026-08-31,1.16,USD,
STZ,CONSTELLATION BRANDS INC - CLASS A,2026-10-05,2026-08-31,3.63,USD,
TRAK,DEALERTRACK TECHNOLOGIES INC,2026-10-05,2026-06-30,,USD,
ARTW,ART`S-WAY MANUFACTURING CO. INC,2026-10-06,2026-08-31,,USD,
CLGMF,CLGMF,2026-10-06,2026-09-30,,USD,
DHBUF,DHBUF,2026-10-06,2026-09-30,,USD,
MKC,MCCORMICK & CO. INC (NON VOTING),2026-10-06,2026-08-31,0.75,USD,
MKC.V,MCCORMICK & COMPANY INCORPORATED,2026-10-06,2026-08-31,,USD,
PENG,PENGUIN SOLUTIONS INC,2026-10-06,2026-08-31,0.61,USD,
PFFOD,PFFOD,2026-10-06,2026-08-31,,USD,
PFFOF,PFFOF,2026-10-06,2026-08-31,,USD,
SAR,SARATOGA INVESTMENT CORP,2026-10-06,2026-08-31,0.47,USD,
SKSDF,SKSDF,2026-10-06,2026-08-31,,USD,
TOP,TOP FINANCIAL GROUP LTD - CLASS A,2026-10-06,2026-06-30,,USD,
VCIG,VCI GLOBAL LTD,2026-10-06,2026-09-30,,USD,
VLGEA,VILLAGE SUPER MARKET INC - CLASS A,2026-10-06,2026-07-31,,USD,
AHELF,AHELF,2026-10-07,2026-09-30,,USD,
AYI,ACUITY BRANDS INC,2026-10-07,2026-08-31,5.26,USD,
AZZ,AZZ INC,2026-10-07,2026-08-31,1.84,USD,
CAG,CONAGRA BRANDS INC,2026-10-07,2026-08-31,0.31,USD,
CALM,CAL-MAINE FOODS INC,2026-10-07,2026-08-31,,USD,
CTRM,CASTOR MARITIME INC,2026-10-07,2026-06-30,,USD,
FTGFF,FTGFF,2026-10-07,2026-08-31,0.16,USD,
JFROF,JFROF,2026-10-07,2026-08-31,26,USD,
NG,NOVAGOLD RESOURCES INC,2026-10-07,2026-08-31,-0.07,USD,
RBNE,ROBIN ENERGY LTD,2026-10-07,2026-06-30,,USD,
RELL,RICHARDSON ELECTRONICS LTD,2026-10-07,2026-08-31,0.1,USD,
RGP,RESOURCES CONNECTION INC,2026-10-07,2026-08-31,-0.17,USD,
RPM,RPM INTERNATIONAL INC,2026-10-07,2026-08-31,1.96,USD,
RVLGF,RVLGF,2026-10-07,2026-09-30,,USD,
SXTC,CHINA SXT PHARMACEUTICALS INC,2026-10-07,2026-06-30,,USD,
TORO,TORO CORP,2026-10-07,2026-06-30,,USD,
AEOJF,AEOJF,2026-10-08,2026-08-31,30.9,USD,
APLD,APPLIED DIGITAL CORPORATION,2026-10-08,2026-08-31,-0.22,USD,
APOG,APOGEE ENTERPRISES INC,2026-10-08,2026-08-31,0.59,USD,
ATZAF,ATZAF,2026-10-08,2026-08-31,0.87,USD,
BAGGF,BAGGF,2026-10-08,2026-08-31,,USD,
BKSC,BKSC,2026-10-08,2026-09-30,,USD,
BSET,BASSETT FURNITURE INDUSTRIES INC,2026-10-08,2026-08-31,0.12,USD,
BYRN,BYRNA TECHNOLOGIES INC,2026-10-08,2026-08-31,-0.14,USD,
DAL,DELTA AIR LINES INC,2026-10-08,2026-09-30,2.19,USD,
EDUC,EDUCATIONAL DEVELOPMENT CORP,2026-10-08,2026-08-31,,USD,
EGMLF,EGMLF,2026-10-08,2026-08-31,,USD,
FRCOF,FRCOF,2026-10-08,2026-08-31,334.26,USD,
FRCOY,FRCOY,2026-10-08,2026-08-31,,USD,
GFGSF,GFGSF,2026-10-08,2026-09-30,,USD,
HELE,HELEN OF TROY LTD,2026-10-08,2026-08-31,0.32,USD,
IPW,IPOWER INC,2026-10-08,2026-06-30,,USD,
JNDOF,JNDOF,2026-10-08,2026-08-31,119.81,USD,
LEVI,LEVI STRAUSS & CO. CLS A,2026-10-08,2026-08-31,0.36,USD,
NEOG,NEOGEN CORP,2026-10-08,2026-08-31,0.04,USD,
NRIX,NURIX THERAPEUTICS INC,2026-10-08,2026-08-31,-0.56,USD,
ODC,OIL-DRI CORP OF AMERICA,2026-10-08,2026-07-31,,USD,
PEP,PEPSICO INC,2026-10-08,2026-09-30,2.31,USD,
PKE,PARK AEROSPACE CORP,2026-10-08,2026-08-31,,USD,
RHUHF,RHUHF,2026-10-08,2026-08-31,0.51,USD,
RKIGF,RKIGF,2026-10-08,2026-07-31,,USD,
SGIPF,SGIPF,2026-10-08,2026-08-31,48.13,USD,
SUEZF,SUEZF,2026-10-08,2026-08-31,,USD,
SVNDF,SVNDF,2026-10-08,2026-08-31,22.17,USD,
SVNDY,SVNDY,2026-10-08,2026-08-31,,USD,
TLRY,TILRAY BRANDS INC,2026-10-08,2026-08-31,-0.18,USD,
TSCDF,TSCDF,2026-10-08,2026-08-31,,USD,
VLNSF,VLNSF,2026-10-08,2026-08-31,,USD,
VLUTF,VLUTF,2026-10-08,2026-07-31,,USD,
WETH,WETOUCH TECHNOLOGY INC,2026-10-08,2026-06-30,,USD,
YNOYF,YNOYF,2026-10-08,2026-08-31,,USD,
FNOEF,FNOEF,2026-10-09,2026-08-31,,USD,
GLDG,GOLDMINING INC,2026-10-09,2026-08-31,-0.02,USD,
HIFS,HINGHAM INSTITUTION FOR SAVINGS,2026-10-09,2026-09-30,,USD,
HOVR,NEW HORIZON AIRCRAFT LTD,2026-10-09,2026-09-30,-0.08,USD,
MTYFF,MTYFF,2026-10-09,2026-08-31,1.24,USD,
SNSNF,SNSNF,2026-10-09,2026-08-31,2.61,USD,
TKLF,YOSHITSU CO LTD,2026-10-09,2026-09-30,,USD,
TKUGF,TKUGF,2026-10-09,2026-08-31,198.38,USD,
TPGVF,TPGVF,2026-10-09,2026-08-31,0.01,USD,
YASKF,YASKF,2026-10-09,2026-08-31,28.5,USD,
AERO,GRUPO AEROMEXICO S.A.B. DE C.V.,2026-10-12,2026-09-30,0.51,USD,
FAST,FASTENAL COMPANY,2026-10-12,2026-09-30,0.33,USD,
FDX,FEDEX CORP,2026-10-12,2026-08-31,3.83,USD,
RMCF,ROCKY MOUNTAIN CHOCOLATE FACTORY INC,2026-10-12,2026-08-31,,USD,
ABGSF,ABGSF,2026-10-13,2026-09-30,,USD,
ACI,ALBERTSONS COMPANIES INC - CLASS A,2026-10-13,2026-08-31,0.4,USD,
AMX,AMERICA MOVIL S.A.B.DE C.V.,2026-10-13,2026-09-30,0.54,USD,
AMXOF,AMXOF,2026-10-13,2026-09-30,0.41,USD,
BLWYF,BLWYF,2026-10-13,2026-07-31,,USD,
C,CITIGROUP INC,2026-10-13,2026-09-30,2.59,USD,
DPZ,DOMINOS PIZZA INC,2026-10-13,2026-09-30,4.4,USD,
EQBK,EQUITY BANCSHARES INC - CLASS A,2026-10-13,2026-09-30,1.3,USD,
FBK,FB FINANCIAL CORP,2026-10-13,2026-09-30,1.2,USD,
FNGR,FINGERMOTION INC,2026-10-13,2026-08-31,,USD,
GS,GOLDMAN SACHS GROUP INC,2026-10-13,2026-09-30,16.47,USD,
HWC,HANCOCK WHITNEY CORP,2026-10-13,2026-09-30,1.67,USD,
JNJ,JOHNSON & JOHNSON,2026-10-13,2026-09-30,3.05,USD,
JPM,JPMORGAN CHASE & COMPANY,2026-10-13,2026-09-30,5.9,USD,
JPM-PC,JPM-PC,2026-10-13,2026-09-30,,USD,
JPM-PD,JPM-PD,2026-10-13,2026-09-30,,USD,
JPM-PJ,JPM-PJ,2026-10-13,2026-09-30,,USD,
JPM-PK,JPM-PK,2026-10-13,2026-09-30,,USD,
JPM-PL,JPM-PL,2026-10-13,2026-09-30,,USD,
JPM-PM,JPM-PM,2026-10-13,2026-09-30,,USD,
KARO,KAROOOOO LTD,2026-10-13,2026-08-31,9.43,USD,
MATEF,MATEF,2026-10-13,2026-09-30,,USD,
UNTY,UNITY BANCORP INC,2026-10-13,2026-09-30,1.5,USD,
WFC,WELLS FARGO & COMPANY,2026-10-13,2026-09-30,1.83,USD,
ABT,ABBOTT LABORATORIES,2026-10-14,2026-09-30,1.42,USD,
ASML,ASML HOLDING NV,2026-10-14,2026-09-30,10.58,USD,
ASMLF,ASMLF,2026-10-14,2026-09-30,10.58,USD,
BAC,BANK OF AMERICA CORP,2026-10-14,2026-09-30,1.18,USD,
BAC-PB,BAC-PB,2026-10-14,2026-09-30,,USD,
BAC-PE,BAC-PE,2026-10-14,2026-09-30,,USD,
BAC-PK,BAC-PK,2026-10-14,2026-09-30,,USD,
BAC-PL,BAC-PL,2026-10-14,2026-09-30,,USD,
BAC-PM,BAC-PM,2026-10-14,2026-09-30,,USD,
BAC-PN,BAC-PN,2026-10-14,2026-09-30,,USD,
BAC-PO,BAC-PO,2026-10-14,2026-09-30,,USD,
BAC-PP,BAC-PP,2026-10-14,2026-09-30,,USD,
BAC-PQ,BAC-PQ,2026-10-14,2026-09-30,,USD,
BAC-PS,BAC-PS,2026-10-14,2026-09-30,,USD,
BACRP,BACRP,2026-10-14,2026-09-30,,USD,
BANR,BANNER CORP,2026-10-14,2026-09-30,1.56,USD,
BLK,BLACKROCK FINANCE INC,2026-10-14,2026-09-30,14.28,USD,
BML-PG,BML-PG,2026-10-14,2026-09-30,,USD,
BML-PH,BML-PH,2026-10-14,2026-09-30,,USD,
BML-PJ,BML-PJ,2026-10-14,2026-09-30,,USD,
BML-PL,BML-PL,2026-10-14,2026-09-30,,USD,
BSVN,BANK7 CORP,2026-10-14,2026-09-30,1.04,USD,
CLPS,CLPS INC,2026-10-14,2026-09-30,,USD,
DUSXF,DUSXF,2026-10-14,2026-08-31,0.03,USD,
EPAC,ENERPAC TOOL GROUP CORP - CLASS A,2026-10-14,2026-08-31,0.56,USD,
FHN,FIRST HORIZON CORPORATION,2026-10-14,2026-09-30,0.52,USD,
GFELF,GFELF,2026-10-14,2026-08-31,,USD,
GLPJF,GLPJF,2026-10-14,2026-08-31,,USD,
GSBC,GREAT SOUTHERN BANCORP INC,2026-10-14,2026-09-30,1.39,USD,
HOMB,HOME BANCSHARES INC,2026-10-14,2026-09-30,0.63,USD,
JBHT,J.B. HUNT TRANSPORT SERVICES INC,2026-10-14,2026-09-30,2.14,USD,
KITAF,KITAF,2026-10-14,2026-08-31,,USD,
KMDHF,KMDHF,2026-10-14,2026-08-31,,USD,
LBRT,LIBERTY ENERGY INC - CLASS A,2026-10-14,2026-09-30,0.09,USD,
MMTMF,MMTMF,2026-10-14,2026-09-30,,USD,
MS,MORGAN STANLEY,2026-10-14,2026-09-30,3.15,USD,
PGR,PROGRESSIVE CORP,2026-10-14,2026-09-30,3.65,USD,
PLD,PROLOGIS INC,2026-10-14,2026-09-30,0.79,USD,
PNFP,PINNACLE FINANCIAL PARTNERS INC,2026-10-14,2026-09-30,2.64,USD,
RDEXF,RDEXF,2026-10-14,2026-07-31,,USD,
REXR,REXFORD INDUSTRIAL REALTY INC,2026-10-14,2026-09-30,0.23,USD,
SFTTF,SFTTF,2026-10-14,2026-08-31,16.42,USD,
SOTK,SONO-TEK CORP,2026-10-14,2026-08-31,0.04,USD,
SYF,SYNCHRONY FINANCIAL,2026-10-14,2026-09-30,2.39,USD,
TFIN,TRIUMPH FINANCIAL INC,2026-10-14,2026-09-30,0.59,USD,
WINA,WINMARK CORPORATION,2026-10-14,2026-09-30,3.23,USD,
AA,ALCOA CORP,2026-10-15,2026-09-30,1.66,USD,
AVTBF,AVTBF,2026-10-15,2026-08-31,,USD,
AWFDF,AWFDF,2026-10-15,2026-09-30,0.66,USD,
BAUFF,BAUFF,2026-10-15,2026-08-31,,USD,
BKQNF,BKQNF,2026-10-15,2026-08-31,,USD,
BNY,BANK OF NEW YORK MELLON CORP,2026-10-15,2026-09-30,2.25,USD,
BYCRF,BYCRF,2026-10-15,2026-08-31,65.99,USD,
CBSH,COMMERCE BANCSHARES INC,2026-10-15,2026-09-30,1.09,USD,
CMC,COMMERCIAL METALS COMPANY,2026-10-15,2026-08-31,1.98,USD,
CNS,COHEN & STEERS INC,2026-10-15,2026-09-30,0.93,USD,
DAWUF,DAWUF,2026-10-15,2026-08-31,,USD,
ENTOF,ENTOF,2026-10-15,2026-09-30,1.62,USD,
EQBBF,EQBBF,2026-10-15,2026-09-30,,USD,
ERIC,TELEFONAKTIEBOLAGET L M ERICSSON,2026-10-15,2026-09-30,0.14,USD,
ERIXF,ERIXF,2026-10-15,2026-09-30,1.58,USD,
EVIIF,EVIIF,2026-10-15,2026-07-31,,USD,
FMCB,FMCB,2026-10-15,2026-09-30,,USD,
FNB,F.N.B. CORP,2026-10-15,2026-09-30,0.43,USD,
GBCI,GLACIER BANCORP INC,2026-10-15,2026-09-30,0.81,USD,
IIIN,INSTEEL INDUSTRIES INC,2026-10-15,2026-09-30,0.49,USD,
KNEVF,KNEVF,2026-10-15,2026-09-30,,USD,
LOOP,LOOP INDUSTRIES INC,2026-10-15,2026-08-31,-0.05,USD,
MAN,MANPOWERGROUP,2026-10-15,2026-09-30,1.01,USD,
MNICF,MNICF,2026-10-15,2026-08-31,20.52,USD,
MNYFF,MNYFF,2026-10-15,2026-08-31,3.79,USD,
MRSH,MARSH & MCLENNAN COS. INC,2026-10-15,2026-09-30,1.98,USD,
NBNKF,NBNKF,2026-10-15,2026-09-30,0.34,USD,
NRDBY,NRDBY,2026-10-15,2026-09-30,,USD,
NTRP,NEUROTROPE INC,2026-10-15,2026-09-30,-0.18,USD,
OZK,BANK OZK,2026-10-15,2026-09-30,1.41,USD,
PDLMF,PDLMF,2026-10-15,2026-09-30,,USD,
PNC,PNC FINANCIAL SERVICES GROUP INC,2026-10-15,2026-09-30,4.88,USD,
SCHW,CHARLES SCHWAB CORP,2026-10-15,2026-09-30,1.67,USD,
SFNC,SIMMONS FIRST NATIONAL CORP - CLASS A,2026-10-15,2026-09-30,0.53,USD,
SNA,SNAP-ON INC,2026-10-15,2026-09-30,4.94,USD,
TMOAF,TMOAF,2026-10-15,2026-09-30,,USD,
TRV,TRAVELERS COMPANIES INC,2026-10-15,2026-09-30,6.81,USD,
TSM,TAIWAN SEMICONDUCTOR MANUFACTURING,2026-10-15,2026-09-30,4.5,USD,
USB,U.S. BANCORP.,2026-10-15,2026-09-30,1.32,USD,
USB-PA,USB-PA,2026-10-15,2026-09-30,,USD,
USB-PH,USB-PH,2026-10-15,2026-09-30,,USD,
USB-PP,USB-PP,2026-10-15,2026-09-30,,USD,
USB-PQ,USB-PQ,2026-10-15,2026-09-30,,USD,
USB-PR,USB-PR,2026-10-15,2026-09-30,,USD,
USB-PS,USB-PS,2026-10-15,2026-09-30,,USD,
WABC,WESTAMERICA BANCORPORATION,2026-10-15,2026-09-30,1.17,USD,
WAFD,WAFD INC,2026-10-15,2026-09-30,0.84,USD,
WIT,WIPRO LTD,2026-10-15,2026-09-30,0.04,USD,
WTBCF,WTBCF,2026-10-15,2026-08-31,,USD,
XPRCF,XPRCF,2026-10-15,2026-09-30,,USD,
YUMSF,YUMSF,2026-10-15,2026-08-31,,USD,
ALLY,ALLY FINANCIAL INC,2026-10-16,2026-09-30,1.45,USD,
AVVZF,AVVZF,2026-10-16,2026-09-30,5.01,USD,
BANF,BANCFIRST CORP,2026-10-16,2026-09-30,1.88,USD,
BVFL,BV FINANCIAL INC,2026-10-16,2026-09-30,,USD,
CFG,CITIZENS FINANCIAL GROUP INC,2026-10-16,2026-09-30,1.39,USD,
CFG-PE,CFG-PE,2026-10-16,2026-09-30,,USD,
CFG-PH,CFG-PH,2026-10-16,2026-09-30,,USD,
MTB,M & T BANK CORP,2026-10-16,2026-09-30,4.91,USD,
MTB-PH,MTB-PH,2026-10-16,2026-09-30,,USD,
MTB-PJ,MTB-PJ,2026-10-16,2026-09-30,,USD,
PLAZF,PLAZF,2026-10-16,2026-09-30,1.68,USD,
RBCAA,REPUBLIC BANCORP INC (KY) - CLASS A,2026-10-16,2026-09-30,1.63,USD,
RCT,REDCLOUD HOLDINGS PLC,2026-10-16,2026-09-30,,USD,
RF,REGIONS FINANCIAL CORP,2026-10-16,2026-09-30,0.66,USD,
STT,STATE STREET CORP,2026-10-16,2026-09-30,3.62,USD,
TFC,TRUIST FINANCIAL CORPORATION,2026-10-16,2026-09-30,1.11,USD,
TFC-PI,TFC-PI,2026-10-16,2026-09-30,,USD,
TFC-PO,TFC-PO,2026-10-16,2026-09-30,,USD,
TFC-PR,TFC-PR,2026-10-16,2026-09-30,,USD,
TOKSF,TOKSF,2026-10-16,2026-09-30,,USD,
HDB,HDFC BANK LTD,2026-10-17,2026-09-30,0.39,USD,
IBN,ICICI BANK LTD,2026-10-17,2026-09-30,0.38,USD,
AGNC,AGNC INVESTMENT CORP,2026-10-19,2026-09-30,0.38,USD,
BOKF,BOK FINANCIAL CORP,2026-10-19,2026-09-30,2.53,USD,
BWAGF,BWAGF,2026-10-19,2026-09-30,3.17,USD,
CCK,CROWN HOLDINGS INC,2026-10-19,2026-09-30,2.26,USD,
CLF,CLEVELAND-CLIFFS INC,2026-10-19,2026-09-30,0.16,USD,
COSO,COASTALSOUTH BANCSHARES INC,2026-10-19,2026-09-30,0.56,USD,
DX,DYNEX CAPITAL INC,2026-10-19,2026-09-30,0.37,USD,
FITB,FIFTH THIRD BANCORP,2026-10-19,2026-09-30,0.83,USD,
FPRGF,FPRGF,2026-10-19,2026-09-30,-0.03,USD,
GCWOF,GCWOF,2026-10-19,2026-09-30,,USD,
GPAEF,GPAEF,2026-10-19,2026-09-30,4.62,USD,
HAPBF,HAPBF,2026-10-19,2026-09-30,,USD,
HBCP,HOME BANCORP INC,2026-10-19,2026-09-30,1.5,USD,
ISTR,INVESTAR HOLDING CORP,2026-10-19,2026-09-30,0.76,USD,
MEDP,MEDPACE HOLDINGS INC,2026-10-19,2026-09-30,4.44,USD,
PAC,GRUPO AEROPORTUARIO DEL PACIFICO SAB DE CV,2026-10-19,2026-09-30,2.47,USD,
PEBK,PEOPLES BANCORP OF NORTH CAROLINA INC,2026-10-19,2026-09-30,,USD,
PFBC,PREFERRED BANK,2026-10-19,2026-09-30,2.7,USD,
RBB,RBB BANCORP,2026-10-19,2026-09-30,0.57,USD,
RLI,RLI CORP,2026-10-19,2026-09-30,0.5,USD,
RTMFF,RTMFF,2026-10-19,2026-08-31,,USD,
SFBS,SERVISFIRST BANCSHARES INC,2026-10-19,2026-09-30,1.63,USD,
SMMT,SUMMIT THERAPEUTICS INC,2026-10-19,2026-09-30,-0.22,USD,
STLD,STEEL DYNAMICS INC,2026-10-19,2026-09-30,5.31,USD,
WASH,WASHINGTON TRUST BANCORP INC,2026-10-19,2026-09-30,0.85,USD,
WRB,W.R. BERKLEY CORP,2026-10-19,2026-09-30,1.11,USD,
WTFC,WINTRUST FINANCIAL CORP,2026-10-19,2026-09-30,3.28,USD,
ZION,ZIONS BANCORPORATION N.A,2026-10-19,2026-09-30,1.66,USD,
ABLZF,ABLZF,2026-10-20,2026-09-30,0.82,USD,
ALPKF,ALPKF,2026-10-20,2026-09-30,0.23,USD,
AMC,AMC ENTERTAINMENT HOLDINGS INC - CLASS A,2026-10-20,2026-09-30,-0.06,USD,
ASRV,AMERISERV FINANCIAL INC,2026-10-20,2026-09-30,,USD,
BFC,BANK FIRST CORP,2026-10-20,2026-09-30,2.6,USD,
BHB,BAR HARBOR BANKSHARES INC,2026-10-20,2026-09-30,0.95,USD,
BOMXF,BOMXF,2026-10-20,2026-09-30,0.77,USD,
BWB,BRIDGEWATER BANCSHARES INC,2026-10-20,2026-09-30,0.47,USD,
CCBG,CAPITAL CITY BANK GROUP INC,2026-10-20,2026-09-30,0.95,USD,
CHXMF,CHXMF,2026-10-20,2026-07-31,-0.03,USD,
CNRFF,CNRFF,2026-10-20,2026-09-30,,USD,
COF,CAPITAL ONE FINANCIAL CORP,2026-10-20,2026-09-30,5.29,USD,
DBOEF,DBOEF,2026-10-20,2026-09-30,3.09,USD,
DBOEY,DBOEY,2026-10-20,2026-09-30,0.31,USD,
DGX,QUEST DIAGNOSTICS INC,2026-10-20,2026-09-30,2.85,USD,
DHR,DANAHER CORP,2026-10-20,2026-09-30,1.91,USD,
EFX,EQUIFAX INC,2026-10-20,2026-09-30,2.23,USD,
ENGGF,ENGGF,2026-10-20,2026-09-30,0.25,USD,
EQT,EQT CORP,2026-10-20,2026-09-30,0.52,USD,
EWBC,EAST WEST BANCORP INC,2026-10-20,2026-09-30,2.7,USD,
FALFF,FALFF,2026-10-20,2026-09-30,,USD,
FSBW,FS BANCORP INC,2026-10-20,2026-09-30,1.11,USD,
FULT,FULTON FINANCIAL CORP,2026-10-20,2026-09-30,0.55,USD,
FVCB,FVCBANKCORP INC,2026-10-20,2026-09-30,0.38,USD,
GCBC,GREENE COUNTY BANCORP INC,2026-10-20,2026-09-30,,USD,
GCHEF,GCHEF,2026-10-20,2026-09-30,1.64,USD,
GE,GENERAL ELECTRIC COMPANY,2026-10-20,2026-09-30,1.99,USD,
GM,GENERAL MOTORS COMPANY,2026-10-20,2026-09-30,3.51,USD,
GMBXF,GMBXF,2026-10-20,2026-09-30,0.21,USD,
GPC,GENUINE PARTS COMPANY,2026-10-20,2026-09-30,2.04,USD,
HAFC,HANMI FINANCIAL CORP,2026-10-20,2026-09-30,0.81,USD,
HAL,HALLIBURTON COMPANY,2026-10-20,2026-09-30,0.59,USD,
HPURF,HPURF,2026-10-20,2026-09-30,-5.45,USD,
IBKR,INTERACTIVE BROKERS GROUP INC - CLASS A,2026-10-20,2026-09-30,0.7,USD,
ISRG,INTUITIVE SURGICAL INC,2026-10-20,2026-09-30,2.63,USD,
KCDMF,KCDMF,2026-10-20,2026-09-30,0.63,USD,
KEY,KEYCORP,2026-10-20,2026-09-30,0.46,USD,
KEY-PI,KEY-PI,2026-10-20,2026-09-30,,USD,
KEY-PJ,KEY-PJ,2026-10-20,2026-09-30,,USD,
KEY-PK,KEY-PK,2026-10-20,2026-09-30,,USD,
KEY-PL,KEY-PL,2026-10-20,2026-09-30,,USD,
KO,COCA-COLA COMPANY,2026-10-20,2026-09-30,0.88,USD,
LMT,LOCKHEED MARTIN CORP,2026-10-20,2026-09-30,7.47,USD,
MBWM,MERCANTILE BANK CORP,2026-10-20,2026-09-30,1.36,USD,
MCRI,MONARCH CASINO & RESORT INC,2026-10-20,2026-09-30,1.7,USD,
MLI,MUELLER INDUSTRIES INC,2026-10-20,2026-09-30,1.09,USD,
MMM,3M COMPANY,2026-10-20,2026-09-30,2.39,USD,
MSCI,MSCI INC,2026-10-20,2026-09-30,5.02,USD,
MSHHF,MSHHF,2026-10-20,2026-09-30,,USD,
NFLX,NETFLIX INC,2026-10-20,2026-09-30,0.82,USD,
NIC,NICOLET BANKSHARES INC,2026-10-20,2026-09-30,3.04,USD,
NOC,NORTHROP GRUMMAN CORP,2026-10-20,2026-09-30,7.14,USD,
ORRF,ORRSTOWN FINANCIAL SERVICES INC,2026-10-20,2026-09-30,1.09,USD,
OSSFF,OSSFF,2026-10-20,2026-09-30,0.43,USD,
OVHFF,OVHFF,2026-10-20,2026-08-31,,USD,
PEBO,PEOPLES BANCORP INC (MARIETTA OH),2026-10-20,2026-09-30,0.93,USD,
PEGA,PEGASYSTEMS INC,2026-10-20,2026-09-30,0.48,USD,
PHM,PULTEGROUP INC,2026-10-20,2026-09-30,2.65,USD,
RTX,RTX CORP,2026-10-20,2026-09-30,1.76,USD,
SMBK,SMARTFINANCIAL INC,2026-10-20,2026-09-30,0.96,USD,
TKMAF,TKMAF,2026-10-20,2026-09-30,,USD,
TLTZF,TLTZF,2026-10-20,2026-09-30,3.15,USD,
TRST,TRUSTCO BANK CORP,2026-10-20,2026-09-30,,USD,
VICR,VICOR CORP,2026-10-20,2026-09-30,0.81,USD,
VMI,VALMONT INDUSTRIES INC,2026-10-20,2026-09-30,5.74,USD,
VZ,VERIZON COMMUNICATIONS INC,2026-10-20,2026-09-30,1.29,USD,
WCN,WASTE CONNECTIONS INC,2026-10-20,2026-09-30,1.51,USD,
WFRD,WEATHERFORD INTERNATIONAL PLC - NEW,2026-10-20,2026-09-30,1.32,USD,
ACU,ACME UNITED CORP,2026-10-21,2026-09-30,0.64,USD,
AKZOF,AKZOF,2026-10-21,2026-09-30,1.11,USD,
AKZOY,AKZOY,2026-10-21,2026-09-30,,USD,
ALFFF,ALFFF,2026-10-21,2026-09-30,0.32,USD,
ALSSF,ALSSF,2026-10-21,2026-09-30,0.87,USD,
ASR,GRUPO AEROPORTUARIO DEL SURESTE S.A.,2026-10-21,2026-09-30,5.12,USD,
ASRMF,ASRMF,2026-10-21,2026-09-30,8.64,USD,
BDN,BRANDYWINE REALTY TRUST,2026-10-21,2026-09-30,-0.17,USD,
BKU,BANKUNITED INC,2026-10-21,2026-09-30,1.06,USD,
BMI,BADGER METER INC,2026-10-21,2026-09-30,1.2,USD,
CASH,PATHWARD FINANCIAL INC,2026-10-21,2026-09-30,1.59,USD,
CATY,CATHAY GENERAL BANCORP,2026-10-21,2026-09-30,1.45,USD,
CBAN,COLONY BANKCORP INC,2026-10-21,2026-09-30,0.53,USD,
CCI,CROWN CASTLE INC,2026-10-21,2026-09-30,0.68,USD,
CCS,CENTURY COMMUNITIES INC,2026-10-21,2026-09-30,1.22,USD,
CHCO,CITY HOLDING COMPANY,2026-10-21,2026-09-30,2.37,USD,
CHMG,CHEMUNG FINANCIAL CORP,2026-10-21,2026-09-30,1.91,USD,
CMA,CMA,2026-10-21,2026-09-30,,USD,
CME,CME GROUP INC - CLASS A,2026-10-21,2026-09-30,2.94,USD,
CMPRF,CMPRF,2026-10-21,2026-09-30,1.46,USD,
CTBI,COMMUNITY TRUST BANCORP INC,2026-10-21,2026-09-30,1.65,USD,
CVBF,CVB FINANCIAL CORP,2026-10-21,2026-09-30,0.44,USD,
DNBBF,DNBBF,2026-10-21,2026-09-30,6.68,USD,
DNBBY,DNBBY,2026-10-21,2026-09-30,,USD,
DSDVF,DSDVF,2026-10-21,2026-09-30,17.66,USD,
EGBN,EAGLE BANCORP INC (MD),2026-10-21,2026-09-30,0.45,USD,
ELS,EQUITY LIFESTYLE PROPERTIES INC,2026-10-21,2026-09-30,0.51,USD,
ELV,ELEVANCE HEALTH INC,2026-10-21,2026-09-30,4.66,USD,
EPRT,ESSENTIAL PROPERTIES REALTY TRUST INC,2026-10-21,2026-09-30,0.35,USD,
EQR,EQUITY RESIDENTIAL PROPERTIES TRUST,2026-10-21,2026-09-30,0.38,USD,
FAF,FIRST AMERICAN FINANCIAL CORP,2026-10-21,2026-09-30,1.88,USD,
FBGGF,FBGGF,2026-10-21,2026-09-30,1.28,USD,
FBNC,FIRST BANCORP,2026-10-21,2026-09-30,1.2,USD,
FCCO,FIRST COMMUNITY CORP,2026-10-21,2026-09-30,0.82,USD,
FDBC,FIDELITY D&D BANCORP INC,2026-10-21,2026-09-30,,USD,
FMNB,FARMERS NATIONAL BANC CORP,2026-10-21,2026-09-30,0.41,USD,
FNLC,FIRST BANCORP INC (ME),2026-10-21,2026-09-30,,USD,
FR,FIRST INDUSTRIAL REALTY TRUST INC,2026-10-21,2026-09-30,0.44,USD,
FRME,FIRST MERCHANTS CORP,2026-10-21,2026-09-30,1.06,USD,
GGG,GRACO INC,2026-10-21,2026-09-30,0.82,USD,
GL,GLOBE LIFE INC,2026-10-21,2026-09-30,4.83,USD,
GNMLF,GNMLF,2026-10-21,2026-09-30,0.52,USD,
GPAGF,GPAGF,2026-10-21,2026-09-30,7.07,USD,
GSHD,GOOSEHEAD INSURANCE INC - CLASS A,2026-10-21,2026-09-30,0.53,USD,
GTY,GETTY REALTY CORP,2026-10-21,2026-09-30,0.47,USD,
HARL,HARL,2026-10-21,2026-09-30,,USD,
HBNC,HORIZON BANCORP INC (IN),2026-10-21,2026-09-30,0.54,USD,
HCSG,HEALTHCARE SERVICES GROUP INC,2026-10-21,2026-09-30,0.24,USD,
HMBAF,HMBAF,2026-10-21,2026-09-30,0.16,USD,
HMNKF,HMNKF,2026-10-21,2026-09-30,3.84,USD,
HSQVY,HSQVY,2026-10-21,2026-09-30,,USD,
HUSQF,HUSQF,2026-10-21,2026-09-30,-0.07,USD,
IBDRY,IBDRY,2026-10-21,2026-09-30,,USD,
IBDSF,IBDSF,2026-10-21,2026-09-30,0.25,USD,
IBM,INTERNATIONAL BUSINESS MACHINES CORP,2026-10-21,2026-09-30,2.9,USD,
JRFIF,JRFIF,2026-10-21,2026-08-31,,USD,
KALU,KAISER ALUMINUM CORP,2026-10-21,2026-09-30,1.87,USD,
KNX,KNIGHT-SWIFT TRANSPORTATION HOLDINGS INC - CLASS A,2026-10-21,2026-09-30,0.76,USD,
KREF,KKR REAL ESTATE FINANCE TRUST INC,2026-10-21,2026-09-30,0.09,USD,
LOB,LIVE OAK BANCSHARES INC,2026-10-21,2026-09-30,0.79,USD,
LSBK,LAKE SHORE BANCORP INC,2026-10-21,2026-09-30,,USD,
LUD,LUDA TECHNOLOGY GROUP LTD,2026-10-21,2026-09-30,,USD,
LUV,SOUTHWEST AIRLINES COMPANY,2026-10-21,2026-09-30,0.74,USD,
LVS,LAS VEGAS SANDS CORP,2026-10-21,2026-09-30,0.76,USD,
MCO,MOODY`S CORP,2026-10-21,2026-09-30,4.26,USD,
MMLP,MARTIN MIDSTREAM PARTNERS LP,2026-10-21,2026-09-30,,USD,
MOH,MOLINA HEALTHCARE INC,2026-10-21,2026-09-30,0.82,USD,
MPB,MID PENN BANCORP INC,2026-10-21,2026-09-30,0.88,USD,
MPZAF,MPZAF,2026-10-21,2026-09-30,2.12,USD,
NBBK,NB BANCORP INC,2026-10-21,2026-09-30,0.59,USD,
NHOXF,NHOXF,2026-10-21,2026-09-30,1.88,USD,
NLLSF,NLLSF,2026-10-21,2026-09-30,-0.08,USD,
NLY,ANNALY CAPITAL MANAGEMENT INC,2026-10-21,2026-09-30,0.78,USD,
NMAKF,NMAKF,2026-10-21,2026-09-30,0.11,USD,
NTRS,NORTHERN TRUST CORP,2026-10-21,2026-09-30,2.79,USD,
NVEC,NVE CORP,2026-10-21,2026-09-30,,USD,
NVR,NVR INC,2026-10-21,2026-09-30,102.72,USD,
NWFL,NORWOOD FINANCIAL CORP,2026-10-21,2026-09-30,0.96,USD,
OFG,OFG BANCORP,2026-10-21,2026-09-30,1.22,USD,
OII,OCEANEERING INTERNATIONAL INC,2026-10-21,2026-09-30,0.52,USD,
ONB,OLD NATIONAL BANCORP,2026-10-21,2026-09-30,0.67,USD,
OSBC,OLD SECOND BANCORPORATION INC,2026-10-21,2026-09-30,0.56,USD,
PKG,PACKAGING CORP OF AMERICA,2026-10-21,2026-09-30,2.92,USD,
PLBC,PLUMAS BANCORP.,2026-10-21,2026-09-30,1.46,USD,
PM,PHILIP MORRIS INTERNATIONAL INC,2026-10-21,2026-09-30,2.25,USD,
PSKRF,PSKRF,2026-10-21,2026-09-30,7.77,USD,
QCRH,QCR HOLDING INC,2026-10-21,2026-09-30,2.1,USD,
QS,QUANTUMSCAPE CORP - CLASS A,2026-10-21,2026-09-30,-0.17,USD,
QUCOF,QUCOF,2026-10-21,2026-09-30,3.51,USD,
RANJF,RANJF,2026-10-21,2026-09-30,0.7,USD,
REVVF,REVVF,2026-10-21,2026-09-30,,USD,
RHI,ROBERT HALF INC,2026-10-21,2026-09-30,0.47,USD,
RS,RELIANCE STEEL & ALUMINUM COMPANY,2026-10-21,2026-09-30,6.67,USD,
SAP,SAP SE,2026-10-21,2026-09-30,2.08,USD,
SAPGF,SAPGF,2026-10-21,2026-09-30,1.84,USD,
SCCFF,SCCFF,2026-10-21,2026-09-30,,USD,
SEIC,SEI INVESTMENTS COMPANY,2026-10-21,2026-09-30,1.57,USD,
SF,STIFEL FINANCIAL CORP,2026-10-21,2026-09-30,1.58,USD,
SIGI,SELECTIVE INSURANCE GROUP INC,2026-10-21,2026-09-30,1.93,USD,
SKFRY,SKFRY,2026-10-21,2026-09-30,0.32,USD,
SKUFF,SKUFF,2026-10-21,2026-09-30,4.34,USD,
SLG,SL GREEN REALTY CORP,2026-10-21,2026-09-30,-3.82,USD,
SMBC,SOUTHERN MISSOURI BANCORP INC,2026-10-21,2026-09-30,1.65,USD,
SSB,SOUTHSTATE CORPORATION,2026-10-21,2026-09-30,2.4,USD,
STC,STEWART INFORMATION SERVICES CORP,2026-10-21,2026-09-30,1.66,USD,
SVAUF,SVAUF,2026-10-21,2026-09-30,,USD,
SVNLF,SVNLF,2026-10-21,2026-09-30,2.95,USD,
T,AT&T INC,2026-10-21,2026-09-30,0.6,USD,
TCBI,TEXAS CAPITAL BANCSHARES INC,2026-10-21,2026-09-30,1.93,USD,
TCBX,THIRD COAST BANCSHARES INC,2026-10-21,2026-09-30,1,USD,
TDVXF,TDVXF,2026-10-21,2026-09-30,0.8,USD,
TDY,TELEDYNE TECHNOLOGIES INC,2026-10-21,2026-09-30,6.14,USD,
TMO,THERMO FISHER SCIENTIFIC INC,2026-10-21,2026-09-30,6.4,USD,
TNL,TRAVEL+LEISURE COMPANY,2026-10-21,2026-09-30,2.03,USD,
TOWN,TOWNEBANK PORTSMOUTH VA,2026-10-21,2026-09-30,0.82,USD,
TPSRF,TPSRF,2026-10-21,2026-08-31,,USD,
TR,TOOTSIE ROLL INDUSTRIES INC,2026-10-21,2026-09-30,,USD,
TROO,TROOPS INC,2026-10-21,2026-09-30,,USD,
TSLA,TESLA INC,2026-10-21,2026-09-30,0.46,USD,
UAL,UNITED AIRLINES HOLDINGS INC,2026-10-21,2026-09-30,3.2,USD,
UCB,UNITED COMMUNITY BANKS INC,2026-10-21,2026-09-30,0.75,USD,
UNB,UNION BANKSHARES INC,2026-10-21,2026-09-30,,USD,
UNF,UNIFIRST CORP,2026-10-21,2026-08-31,2.07,USD,
URI,UNITED RENTALS INC,2026-10-21,2026-09-30,13.84,USD,
WAB,WESTINGHOUSE AIR BRAKE TECHNOLOGIES CORP,2026-10-21,2026-09-30,2.73,USD,
WAL,WESTERN ALLIANCE BANCORP,2026-10-21,2026-09-30,2.49,USD,
WDFC,WD-40 COMPANY,2026-10-21,2026-08-31,1.13,USD,
WGO,WINNEBAGO INDUSTRIES INC,2026-10-21,2026-08-31,0.49,USD,
WH,WYNDHAM HOTELS & RESORTS INC,2026-10-21,2026-09-30,1.33,USD,
WIPKF,WIPKF,2026-10-21,2026-09-30,0.64,USD,
WSBC,WESBANCO INC,2026-10-21,2026-09-30,0.88,USD,
AAL,AMERICAN AIRLINES GROUP INC,2026-10-22,2026-09-30,-0.13,USD,
ACNB,ACNB CORP,2026-10-22,2026-09-30,1.44,USD,
AFXXF,AFXXF,2026-10-22,2026-09-30,1.92,USD,
ALK,ALASKA AIR GROUP INC,2026-10-22,2026-09-30,0.56,USD,
ALLE,ALLEGION PLC,2026-10-22,2026-09-30,2.49,USD,
AMAL,AMALGAMATED FINANCIAL CORP,2026-10-22,2026-09-30,1.06,USD,
AMBP,ARDAGH METAL PACKAGING S.A.,2026-10-22,2026-09-30,0.08,USD,
ARGNF,ARGNF,2026-10-22,2026-09-30,7.8,USD,
ARGX,ARGEN X SE,2026-10-22,2026-09-30,7.47,USD,
ASB,ASSOCIATED BANC-CORP,2026-10-22,2026-09-30,0.76,USD,
ASPS,ALTISOURCE PORTFOLIO SOLUTIONS S.A.,2026-10-22,2026-09-30,0.18,USD,
ATAZF,ATAZF,2026-10-22,2026-09-30,2.52,USD,
ATLFF,ATLFF,2026-10-22,2026-09-30,,USD,
ATLPF,ATLPF,2026-10-22,2026-09-30,1.66,USD,
AUB,ATLANTIC UNION BANKSHARES CORP,2026-10-22,2026-09-30,0.96,USD,
AVBH,AVIDBANK HOLDINGS INC,2026-10-22,2026-09-30,0.87,USD,
AXFOF,AXFOF,2026-10-22,2026-09-30,3.56,USD,
BCML,BAYCOM CORP,2026-10-22,2026-09-30,0.58,USD,
BESVF,BESVF,2026-10-22,2026-09-30,1.33,USD,
BFH,BREAD FINANCIAL HOLDINGS INC,2026-10-22,2026-09-30,3.37,USD,
BFST,BUSINESS FIRST BANCSHARES INC,2026-10-22,2026-09-30,0.74,USD,
BGLAF,BGLAF,2026-10-22,2026-09-30,0.85,USD,
BHRB,BURKE & HERBERT FINANCIAL SERVICES CORP,2026-10-22,2026-09-30,2.03,USD,
BLRDF,BLRDF,2026-10-22,2026-09-30,0.58,USD,
BNTRF,BNTRF,2026-10-22,2026-09-30,,USD,
BOEUF,BOEUF,2026-10-22,2026-09-30,1.25,USD,
BPOP,POPULAR INC,2026-10-22,2026-09-30,3.87,USD,
BTSBF,BTSBF,2026-10-22,2026-09-30,2.79,USD,
BWFG,BANKWELL FINANCIAL GROUP INC,2026-10-22,2026-09-30,1.34,USD,
BWMX,BETTERWARE DE MEXICO S.A.P.I. DE C.V,2026-10-22,2026-09-30,11.7,USD,
BX,BLACKSTONE INC,2026-10-22,2026-09-30,1.37,USD,
BY,BYLINE BANCORP INC,2026-10-22,2026-09-30,0.82,USD,
BYD,BOYD GAMING CORP,2026-10-22,2026-09-30,1.67,USD,
CARE,CARTER BANKSHARES INC,2026-10-22,2026-09-30,0.54,USD,
CASS,CASS INFORMATION SYSTEMS INC,2026-10-22,2026-09-30,0.81,USD,
CFFI,C & F FINANCIAL CORP,2026-10-22,2026-09-30,,USD,
CIVB,CIVISTA BANCSHARES INC,2026-10-22,2026-09-30,0.7,USD,
CNP,CENTERPOINT ENERGY INC,2026-10-22,2026-09-30,0.5,USD,
CSRNF,CSRNF,2026-10-22,2026-09-30,,USD,
CSX,CSX CORP,2026-10-22,2026-09-30,0.54,USD,
CTATF,CTATF,2026-10-22,2026-09-30,5.16,USD,
CUBI,CUSTOMERS BANCORP INC,2026-10-22,2026-09-30,2.16,USD,
CVVRF,CVVRF,2026-10-22,2026-08-31,,USD,
CWBC,COMMUNITY WEST BANCSHARES.,2026-10-22,2026-09-30,0.64,USD,
CWQXF,CWQXF,2026-10-22,2026-09-30,2.06,USD,
CYH,COMMUNITY HEALTH SYSTEMS INC,2026-10-22,2026-09-30,-0.38,USD,
CZNC,CITIZENS & NORTHERN CORP,2026-10-22,2026-09-30,0.66,USD,
DBMBF,DBMBF,2026-10-22,2026-09-30,0.88,USD,
DCOM,DIME COMMUNITY BANCSHARES INC,2026-10-22,2026-09-30,0.88,USD,
DECK,DECKERS OUTDOOR CORP,2026-10-22,2026-09-30,1.79,USD,
DISPF,DISPF,2026-10-22,2026-09-30,305.33,USD,
DLR,DIGITAL REALTY TRUST INC,2026-10-22,2026-09-30,0.57,USD,
DOV,DOVER CORP,2026-10-22,2026-09-30,2.86,USD,
DOW,DOW INC,2026-10-22,2026-09-30,0.78,USD,
DTCGF,DTCGF,2026-10-22,2026-09-30,0.46,USD,
EBC,EASTERN BANKSHARES INC,2026-10-22,2026-09-30,0.49,USD,
EFSI,EAGLE FINANCIAL SERVICES INC,2026-10-22,2026-09-30,0.86,USD,
EGP,EASTGROUP PROPERTIES INC,2026-10-22,2026-09-30,1.38,USD,
ENVA,ENOVA INTERNATIONAL INC,2026-10-22,2026-09-30,4.38,USD,
ESQ,ESQUIRE FINANCIAL HOLDINGS INC,2026-10-22,2026-09-30,1.81,USD,
ETTYF,ETTYF,2026-10-22,2026-09-30,4.74,USD,
FBP,FIRST BANCORP PR,2026-10-22,2026-09-30,0.6,USD,
FCFS,FIRSTCASH HOLDINGS INC,2026-10-22,2026-09-30,2.74,USD,
FCNCA,FIRST CITIZENS BANCSHARES INC (NC) - CLASS A,2026-10-22,2026-09-30,45.51,USD,
FCX,FREEPORT-MCMORAN INC,2026-10-22,2026-09-30,0.72,USD,
FFBC,FIRST FINANCIAL BANCORP,2026-10-22,2026-09-30,0.84,USD,
FFIN,FIRST FINANCIAL BANKSHARES INC,2026-10-22,2026-09-30,0.52,USD,
FISI,FINANCIAL INSTITUTIONS INC,2026-10-22,2026-09-30,1.05,USD,
FITBI,FIFTH THIRD BANCORP DEPOSITARY SHARE REPSTG 11000TH OWNERSHIP INTEREST PERP PFD SERIES I,2026-10-22,2026-09-30,,USD,
FITBO,FIFTH THIRD BANCORP 4.95 PRF PERPETUAL USD 25 SER K DP 11000TH,2026-10-22,2026-09-30,,USD,
FITBP,FIFTH THIRD BANCORP DEPOSITARY SHARES EACH REPRESENTING 140TH SHARE OF FIFTH THIRD 6.00 NONCUMULATIVE PERPETUAL CLASS B PREFERRED STOCK SERIES A,2026-10-22,2026-09-30,,USD,
FIX,COMFORT SYSTEMS USA INC,2026-10-22,2026-09-30,13.29,USD,
FKRAF,FKRAF,2026-10-22,2026-09-30,0.14,USD,
FRBA,FIRST BANK (NJ),2026-10-22,2026-09-30,0.43,USD,
FRST,PRIMIS FINANCIAL CORP,2026-10-22,2026-09-30,0.44,USD,
FSV,FIRSTSERVICE CORP,2026-10-22,2026-09-30,1.88,USD,
GJNSF,GJNSF,2026-10-22,2026-09-30,4.46,USD,
HAS,HASBRO INC,2026-10-22,2026-09-30,1.85,USD,
HBAN,HUNTINGTON BANCSHARES INC,2026-10-22,2026-09-30,0.4,USD,
HBANL,HUNTINGTON BANCSHARES INC,2026-10-22,2026-09-30,,USD,
HBANM,HUNTINGTON BANCSHARES INC,2026-10-22,2026-09-30,,USD,
HBANP,HUNTINGTON BANCSHARES INC,2026-10-22,2026-09-30,,USD,
HDRSF,HDRSF,2026-10-22,2026-09-30,,USD,
HFWA,HERITAGE FINANCIAL CORP,2026-10-22,2026-09-30,0.61,USD,
HON,HONEYWELL INTERNATIONAL INC,2026-10-22,2026-09-30,2.15,USD,
HTB,HOMETRUST BANCSHARES INC,2026-10-22,2026-09-30,0.89,USD,
HTH,HILLTOP HOLDINGS INC,2026-10-22,2026-09-30,0.57,USD,
HTROF,HTROF,2026-10-22,2026-09-30,0.65,USD,
HWTHF,HWTHF,2026-10-22,2026-08-31,,USD,
INDB,INDEPENDENT BANK CORP,2026-10-22,2026-09-30,1.85,USD,
INTC,INTEL CORP,2026-10-22,2026-09-30,0.39,USD,
IRDM,IRIDIUM COMMUNICATIONS INC,2026-10-22,2026-09-30,0.41,USD,
JSNSF,JSNSF,2026-10-22,2026-08-31,,USD,
KGAUF,KGAUF,2026-10-22,2026-09-30,,USD,
KHNGF,KHNGF,2026-10-22,2026-09-30,2.29,USD,
KN,KNOWLES CORP,2026-10-22,2026-09-30,0.36,USD,
KNSL,KINSALE CAPITAL GROUP INC,2026-10-22,2026-09-30,4.95,USD,
KRNY,KEARNY FINANCIAL CORP,2026-10-22,2026-09-30,0.18,USD,
LADR,LADDER CAPITAL CORP - CLASS A,2026-10-22,2026-09-30,0.25,USD,
LAZ,LAZARD LTD - CLASS A,2026-10-22,2026-09-30,0.6,USD,
LCNB,LCNB CORP,2026-10-22,2026-09-30,0.48,USD,
LNN,LINDSAY CORPORATION,2026-10-22,2026-08-31,1.06,USD,
LODE,COMSTOCK INC,2026-10-22,2026-09-30,-0.09,USD,
LOMEF,LOMEF,2026-10-22,2026-09-30,,USD,
MCB,METROPOLITAN BANK HOLDING CORP,2026-10-22,2026-09-30,2.37,USD,
MICLF,MICLF,2026-10-22,2026-09-30,1.77,USD,
MLLGF,MLLGF,2026-10-22,2026-09-30,0.42,USD,
MRTN,MARTEN TRANSPORT LTD,2026-10-22,2026-09-30,0.1,USD,
MRZLF,MRZLF,2026-10-22,2026-09-30,,USD,
MSM,MSC INDUSTRIAL DIRECT CO. INC - CLASS A,2026-10-22,2026-08-31,1.4,USD,
MXL,MAXLINEAR INC,2026-10-22,2026-09-30,0.56,USD,
MYFW,FIRST WESTERN FINANCIAL INC,2026-10-22,2026-09-30,0.62,USD,
NDAQ,NASDAQ INC - 144A,2026-10-22,2026-09-30,1.03,USD,
NECB,NORTHEAST COMMUNITY BANCORP INC,2026-10-22,2026-09-30,0.82,USD,
NEM,NEWMONT CORP,2026-10-22,2026-09-30,1.9,USD,
NENTF,NENTF,2026-10-22,2026-09-30,,USD,
NKSH,NATIONAL BANKSHARES INC,2026-10-22,2026-09-30,0.83,USD,
NMREF,NMREF,2026-10-22,2026-08-31,,USD,
NOK,NOKIA CORP,2026-10-22,2026-09-30,0.07,USD,
NOKBF,NOKBF,2026-10-22,2026-09-30,0.07,USD,
NSC,NORFOLK SOUTHERN CORP,2026-10-22,2026-09-30,3.58,USD,
OPBK,OP BANCORP,2026-10-22,2026-09-30,0.5,USD,
ORC,ORCHID ISLAND CAPITAL INC,2026-10-22,2026-09-30,0.32,USD,
ORI,OLD REPUBLIC INTERNATIONAL CORP,2026-10-22,2026-09-30,0.8,USD,
ORXOF,ORXOF,2026-10-22,2026-09-30,-2.1,USD,
OUKPY,OUKPY,2026-10-22,2026-09-30,,USD,
PCB,PCB BANCORP.,2026-10-22,2026-09-30,0.74,USD,
PCELF,PCELF,2026-10-22,2026-09-30,0.1,USD,
PCG,PG&E CORP,2026-10-22,2026-09-30,0.43,USD,
PCRBF,PCRBF,2026-10-22,2026-09-30,0.16,USD,
PECO,PHILLIPS EDISON & COMPANY INC - NEW,2026-10-22,2026-09-30,0.18,USD,
PEMIF,PEMIF,2026-10-22,2026-09-30,,USD,
PINE,ALPINE INCOME PROPERTY TRUST INC,2026-10-22,2026-09-30,0.16,USD,
PNDXF,PNDXF,2026-10-22,2026-09-30,3.97,USD,
POELF,POELF,2026-10-22,2026-09-30,,USD,
POOL,POOL CORPORATION,2026-10-22,2026-09-30,3.37,USD,
R,RYDER SYSTEM INC,2026-10-22,2026-09-30,4.16,USD,
RCI,ROGERS COMMUNICATIONS INC - CLASS B,2026-10-22,2026-09-30,1.25,USD,
RDY,DR. REDDY`S LABORATORIES LTD,2026-10-22,2026-09-30,,USD,
ROP,ROPER TECHNOLOGIES INC,2026-10-22,2026-09-30,5.78,USD,
SABK,SABK,2026-10-22,2026-09-30,0.62,USD,
SAGXF,SAGXF,2026-10-22,2026-09-30,,USD,
SARTF,SARTF,2026-10-22,2026-09-30,1.29,USD,
SCLTF,SCLTF,2026-10-22,2026-09-30,,USD,
SDMHF,SDMHF,2026-10-22,2026-09-30,1.18,USD,
SDVKF,SDVKF,2026-10-22,2026-09-30,4.56,USD,
SDVKY,SDVKY,2026-10-22,2026-09-30,0.45,USD,
SETUF,SETUF,2026-10-22,2026-09-30,,USD,
SHBI,SHORE BANCSHARES INC,2026-10-22,2026-09-30,0.54,USD,
SHLRF,SHLRF,2026-10-22,2026-09-30,2.47,USD,
SIFY,SIFY TECHNOLOGIES LTD,2026-10-22,2026-09-30,,USD,
SLM,SLM CORP,2026-10-22,2026-09-30,0.4,USD,
SMPL,SIMPLY GOOD FOODS COMPANY,2026-10-22,2026-08-31,0.41,USD,
SPFI,SOUTH PLAINS FINANCIAL INC,2026-10-22,2026-09-30,0.99,USD,
SRCE,1ST SOURCE CORP,2026-10-22,2026-09-30,1.72,USD,
SSNC,SS&C TECHNOLOGIES HOLDINGS INC,2026-10-22,2026-09-30,1.77,USD,
STBA,S & T BANCORP INC,2026-10-22,2026-09-30,0.98,USD,
SVKEF,SVKEF,2026-10-22,2026-09-30,4.23,USD,
SWDBF,SWDBF,2026-10-22,2026-09-30,7.46,USD,
SYGCF,SYGCF,2026-10-22,2026-08-31,,USD,
TCBK,TRICO BANCSHARES,2026-10-22,2026-09-30,1.03,USD,
TECK,TECK RESOURCES LTD - CLASS B - CLASS B (SUB VOTING),2026-10-22,2026-09-30,1.29,USD,
TGSNF,TGSNF,2026-10-22,2026-09-30,0.11,USD,
THLPF,THLPF,2026-10-22,2026-09-30,3.34,USD,
THRM,GENTHERM INC - CLASS A,2026-10-22,2026-09-30,0.66,USD,
TLSNF,TLSNF,2026-10-22,2026-09-30,0.69,USD,
TMUS,T-MOBILE US INC,2026-10-22,2026-09-30,2.9,USD,
TSCO,TRACTOR SUPPLY COMPANY,2026-10-22,2026-09-30,0.42,USD,
TTGXF,TTGXF,2026-10-22,2026-09-30,,USD,
UBSI,UNITED BANKSHARES INC,2026-10-22,2026-09-30,0.93,USD,
UNCFF,UNCFF,2026-10-22,2026-09-30,1.85,USD,
UNP,UNION PACIFIC CORP,2026-10-22,2026-09-30,3.45,USD,
USCB,USCB FINANCIAL HOLDINGS INC - CLASS A,2026-10-22,2026-09-30,0.55,USD,
UTMD,UTAH MEDICAL PRODUCTS INC,2026-10-22,2026-09-30,,USD,
UVE,UNIVERSAL INSURANCE HOLDINGS INC,2026-10-22,2026-09-30,0.03,USD,
VC,VISTEON CORP,2026-10-22,2026-09-30,2.39,USD,
VESTF,VESTF,2026-10-22,2026-09-30,0.85,USD,
VIMGF,VIMGF,2026-10-22,2026-09-30,0.03,USD,
VRSN,VERISIGN INC,2026-10-22,2026-09-30,2.4,USD,
VTMX,CORPORACION INMOBILIARIA VESTA SAB,2026-10-22,2026-09-30,0.5,USD,
WBS,WEBSTER FINANCIAL CORP,2026-10-22,2026-09-30,1.62,USD,
WKC,WORLD KINECT CORP,2026-10-22,2026-09-30,0.98,USD,
WRLD,WORLD ACCEPTANCE CORP,2026-10-22,2026-09-30,0.79,USD,
WSBF,WATERSTONE FINANCIAL INC,2026-10-22,2026-09-30,,USD,
WSFS,WSFS FINANCIAL CORP,2026-10-22,2026-09-30,1.54,USD,
WST,WEST PHARMACEUTICAL SERVICES INC,2026-10-22,2026-09-30,2.18,USD,
WTCRF,WTCRF,2026-10-22,2026-08-31,,USD,
XTRAF,XTRAF,2026-10-22,2026-07-31,,USD,
XVIPF,XVIPF,2026-10-22,2026-09-30,0.84,USD,
YRAIF,YRAIF,2026-10-22,2026-09-30,14.46,USD,
ZTMUF,ZTMUF,2026-10-22,2026-08-31,,USD,
ALV,AUTOLIV INC,2026-10-23,2026-09-30,2.18,USD,
ARHUF,ARHUF,2026-10-23,2026-09-30,3.54,USD,
AXP,AMERICAN EXPRESS COMPANY,2026-10-23,2026-09-30,4.62,USD,
BAH,BOOZ ALLEN HAMILTON HOLDING CORP - CLASS A,2026-10-23,2026-09-30,1.54,USD,
BALDF,BALDF,2026-10-23,2026-09-30,1.34,USD,
COFS,CHOICEONE FINANCIAL SERVICES INC,2026-10-23,2026-09-30,0.93,USD,
CYJBF,CYJBF,2026-10-23,2026-09-30,0.87,USD,
DUNNF,DUNNF,2026-10-23,2026-09-30,,USD,
EVGGF,EVGGF,2026-10-23,2026-09-30,1.34,USD,
FCAP,FIRST CAPITAL INC,2026-10-23,2026-09-30,,USD,
FHB,FIRST HAWAIIAN INC,2026-10-23,2026-09-30,0.6,USD,
FLG,NEW YORK COMMUNITY BANCORP INC,2026-10-23,2026-09-30,0.11,USD,
GMYYF,GMYYF,2026-10-23,2026-09-30,,USD,
GNTX,GENTEX CORP,2026-10-23,2026-09-30,0.5,USD,
GRC,GORMAN-RUPP COMPANY,2026-10-23,2026-09-30,0.67,USD,
HCA,HCA HEALTHCARE INC,2026-10-23,2026-09-30,6.96,USD,
HXPLF,HXPLF,2026-10-23,2026-09-30,1.56,USD,
IDDWF,IDDWF,2026-10-23,2026-09-30,2.18,USD,
INFY,INFOSYS LTD,2026-10-23,2026-09-30,0.21,USD,
JFKOF,JFKOF,2026-10-23,2026-09-30,,USD,
KNCRF,KNCRF,2026-10-23,2026-09-30,0.49,USD,
KOYJF,KOYJF,2026-10-23,2026-09-30,0.31,USD,
LFABF,LFABF,2026-10-23,2026-09-30,2.48,USD,
LVXFF,LVXFF,2026-10-23,2026-09-30,,USD,
MCBS,METROCITY BANKSHARES INC,2026-10-23,2026-09-30,0.84,USD,
MMGRF,MMGRF,2026-10-23,2026-09-30,1.32,USD,
MMNNF,MMNNF,2026-10-23,2026-09-30,1.64,USD,
NHYDY,NHYDY,2026-10-23,2026-09-30,0.13,USD,
NHYKF,NHYKF,2026-10-23,2026-09-30,2.53,USD,
ROKOF,ROKOF,2026-10-23,2026-09-30,17.5,USD,
RTOBF,RTOBF,2026-10-23,2026-09-30,0.55,USD,
SAABF,SAABF,2026-10-23,2026-09-30,2.41,USD,
SBSI,SOUTHSIDE BANCSHARES INC,2026-10-23,2026-09-30,0.83,USD,
SCTBF,SCTBF,2026-10-23,2026-09-30,3.58,USD,
SDTHF,SDTHF,2026-10-23,2026-09-30,4,USD,
SDXOF,SDXOF,2026-10-23,2026-08-31,,USD,
SFFYF,SFFYF,2026-10-23,2026-09-30,0.66,USD,
SGCPF,SGCPF,2026-10-23,2026-09-30,,USD,
SHECF,SHECF,2026-10-23,2026-09-30,81.54,USD,
SHECY,SHECY,2026-10-23,2026-09-30,,USD,
SIREF,SIREF,2026-10-23,2026-09-30,,USD,
SLB,SLB,2026-10-23,2026-09-30,0.61,USD,
STLFF,STLFF,2026-10-23,2026-09-30,1.21,USD,
SVCBF,SVCBF,2026-10-23,2026-09-30,0.97,USD,
TBABF,TBABF,2026-10-23,2026-09-30,5.07,USD,
TMP,TOMPKINS FINANCIAL CORP,2026-10-23,2026-09-30,1.99,USD,
TMRAF,TMRAF,2026-10-23,2026-09-30,0.07,USD,
VITBF,VITBF,2026-10-23,2026-09-30,3.03,USD,
VLVLY,VLVLY,2026-10-23,2026-09-30,,USD,
VLVOF,VLVOF,2026-10-23,2026-09-30,-0.22,USD,
VOLVF,VOLVF,2026-10-23,2026-09-30,5.54,USD,
ABCB,AMERIS BANCORP,2026-10-26,2026-09-30,1.71,USD,
AMKR,AMKOR TECHNOLOGY INC,2026-10-26,2026-09-30,0.79,USD,
CAJPY,CAJPY,2026-10-26,2026-09-30,,USD,
CALX,CALIX INC,2026-10-26,2026-09-30,0.41,USD,
CBK,COMMERCIAL BANCGROUP INC,2026-10-26,2026-09-30,0.74,USD,
CX,CEMEX S.A.B. DE C.V.,2026-10-26,2026-09-30,0.21,USD,
CXMSF,CXMSF,2026-10-26,2026-09-30,0.04,USD,
EFSC,ENTERPRISE FINANCIAL SERVICES CORP,2026-10-26,2026-09-30,1.41,USD,
FMAO,FARMERS & MERCHANTS BANCORP INC,2026-10-26,2026-09-30,0.71,USD,
FSBC,FIVE STAR BANCORP,2026-10-26,2026-09-30,0.84,USD,
FUNC,FIRST UNITED CORPORATION,2026-10-26,2026-09-30,1.14,USD,
GABC,GERMAN AMERICAN BANCORP INC,2026-10-26,2026-09-30,0.97,USD,
GBLEF,GBLEF,2026-10-26,2026-09-30,,USD,
GLPEF,GLPEF,2026-10-26,2026-09-30,0.58,USD,
IAALF,IAALF,2026-10-26,2026-09-30,,USD,
LKFN,LAKELAND FINANCIAL CORP,2026-10-26,2026-09-30,1.09,USD,
MEXGF,MEXGF,2026-10-26,2026-09-30,,USD,
MGPHF,MGPHF,2026-10-26,2026-09-30,,USD,
MNSB,MAINSTREET BANCSHARES INC,2026-10-26,2026-09-30,0.58,USD,
NBTB,NBT BANCORP. INC,2026-10-26,2026-09-30,1.1,USD,
NTST,NETSTREIT CORP,2026-10-26,2026-09-30,0.09,USD,
OCEEF,OCEEF,2026-10-26,2026-09-30,,USD,
OVBC,OHIO VALLEY BANC CORP,2026-10-26,2026-09-30,,USD,
PII,POLARIS INC,2026-10-26,2026-09-30,0.68,USD,
PREKF,PREKF,2026-10-26,2026-09-30,0.32,USD,
SAMHF,SAMHF,2026-10-26,2026-09-30,0.82,USD,
SBCF,SEACOAST BANKING CORP OF FLORIDA,2026-10-26,2026-09-30,0.64,USD,
SSD,SIMPSON MANUFACTURING CO. INC,2026-10-26,2026-09-30,2.49,USD,
TCLIF,TCLIF,2026-10-26,2026-09-30,,USD,
TGGCF,TGGCF,2026-10-26,2026-08-31,,USD,
TORCF,TORCF,2026-10-26,2026-09-30,,USD,
VLRS,CONTROLADORA VUELA CIA DE AVIACION,2026-10-26,2026-09-30,-0.33,USD,
VYYRF,VYYRF,2026-10-26,2026-08-31,,USD,
WEGYF,WEGYF,2026-10-26,2026-08-31,,USD,
ZTSTF,ZTSTF,2026-10-26,2026-09-30,,USD,
ALFVF,ALFVF,2026-10-27,2026-09-30,5.43,USD,
AMT,AMERICAN TOWER CORP,2026-10-27,2026-09-30,1.58,USD,
AMTB,AMERANT BANCORP INC - CLASS A,2026-10-27,2026-09-30,0.56,USD,
ASAZF,ASAZF,2026-10-27,2026-09-30,4.39,USD,
ASAZY,ASAZY,2026-10-27,2026-09-30,0.25,USD,
ATRC,ATRICURE INC,2026-10-27,2026-09-30,0.01,USD,
AVGDF,AVGDF,2026-10-27,2026-09-30,,USD,
BIOVF,BIOVF,2026-10-27,2026-09-30,6.12,USD,
BUSE,FIRST BUSEY CORP,2026-10-27,2026-09-30,0.65,USD,
CB,CHUBB LTD,2026-10-27,2026-09-30,6.31,USD,
CFAGF,CFAGF,2026-10-27,2026-09-30,,USD,
CHGCF,CHGCF,2026-10-27,2026-09-30,78.92,USD,
CHGCY,CHGCY,2026-10-27,2026-09-30,,USD,
CNC,CENTENE CORP,2026-10-27,2026-09-30,0.05,USD,
COPAF,COPAF,2026-10-27,2026-09-30,,USD,
CSGP,COSTAR GROUP INC,2026-10-27,2026-09-30,0.37,USD,
CTS,CTS CORP,2026-10-27,2026-09-30,0.65,USD,
ERVFF,ERVFF,2026-10-27,2026-09-30,,USD,
FABFF,FABFF,2026-10-27,2026-09-30,,USD,
FCBC,FIRST COMMUNITY BANKSHARES INC,2026-10-27,2026-09-30,0.77,USD,
FMANF,FMANF,2026-10-27,2026-08-31,,USD,
FNNNF,FNNNF,2026-10-27,2026-09-30,0.28,USD,
FRAF,FRANKLIN FINANCIAL SERVICES CORP,2026-10-27,2026-09-30,1.45,USD,
FRFLF,FRFLF,2026-10-27,2026-09-30,,USD,
GBOOF,GBOOF,2026-10-27,2026-09-30,5.61,USD,
GMVMF,GMVMF,2026-10-27,2026-09-30,,USD,
GOTRF,GOTRF,2026-10-27,2026-09-30,-0.04,USD,
HIW,HIGHWOODS PROPERTIES INC,2026-10-27,2026-09-30,0.15,USD,
IBCP,INDEPENDENT BANK CORPORATION (IONIA MI),2026-10-27,2026-09-30,0.94,USD,
INEOD,INEOD,2026-10-27,2026-09-30,,USD,
INEOF,INEOF,2026-10-27,2026-09-30,,USD,
JZRIF,JZRIF,2026-10-27,2026-09-30,,USD,
KNSA,KINIKSA PHARMACEUTICALS INTERNATIONAL PLC. - CLASS A,2026-10-27,2026-09-30,0.31,USD,
MDLZ,MONDELEZ INTERNATIONAL INC - CLASS A,2026-10-27,2026-09-30,0.76,USD,
MXCHF,MXCHF,2026-10-27,2026-09-30,-0.01,USD,
NBHC,NATIONAL BANK HOLDINGS CORP - CLASS A,2026-10-27,2026-09-30,0.85,USD,
NEE,NEXTERA ENERGY INC,2026-10-27,2026-09-30,1.22,USD,
NEO,NEOGENOMICS INC,2026-10-27,2026-09-30,0.05,USD,
NKRKF,NKRKF,2026-10-27,2026-09-30,0.19,USD,
NVS,NOVARTIS AG,2026-10-27,2026-09-30,2.2,USD,
NVSEF,NVSEF,2026-10-27,2026-09-30,2.2,USD,
OBIBF,OBIBF,2026-10-27,2026-09-30,62.1,USD,
OBIIF,OBIIF,2026-10-27,2026-09-30,51.7,USD,
OI,O-I GLASS INC,2026-10-27,2026-09-30,0.47,USD,
ORN,ORION GROUP HOLDINGS INC,2026-10-27,2026-09-30,0.14,USD,
OTMCF,OTMCF,2026-10-27,2026-09-30,,USD,
PDM,PIEDMONT OFFICE REALTY TRUST INC - CLASS A,2026-10-27,2026-09-30,-0.1,USD,
RCL,ROYAL CARIBBEAN GROUP,2026-10-27,2026-09-30,6.26,USD,
RENGF,RENGF,2026-10-27,2026-09-30,,USD,
RMIOF,RMIOF,2026-10-27,2026-09-30,,USD,
RRC,RANGE RESOURCES CORP,2026-10-27,2026-09-30,0.81,USD,
SCCO,SOUTHERN COPPER CORPORATION,2026-10-27,2026-09-30,1.83,USD,
SCGLF,SCGLF,2026-10-27,2026-09-30,,USD,
SCGLY,SCGLY,2026-10-27,2026-09-30,,USD,
SFST,SOUTHERN FIRST BANCSHARES INC,2026-10-27,2026-09-30,1.25,USD,
SHG,SHINHAN FINANCIAL GROUP CO. LTD,2026-10-27,2026-09-30,2.28,USD,
SHMDF,SHMDF,2026-10-27,2026-09-30,120.85,USD,
SVMFF,SVMFF,2026-10-27,2026-09-30,,USD,
TDSGF,TDSGF,2026-10-27,2026-09-30,,USD,
THC,TENET HEALTHCARE CORP,2026-10-27,2026-09-30,4.65,USD,
TMNSF,TMNSF,2026-10-27,2026-09-30,1.11,USD,
TTLTF,TTLTF,2026-10-27,2026-09-30,,USD,
TXN,TEXAS INSTRUMENTS INC,2026-10-27,2026-09-30,2.42,USD,
UNH,UNITEDHEALTH GROUP INC,2026-10-27,2026-09-30,4.08,USD,
VAIAF,VAIAF,2026-10-27,2026-09-30,0.66,USD,
VSTKF,VSTKF,2026-10-27,2026-09-30,,USD,
WMMVF,WMMVF,2026-10-27,2026-09-30,0.74,USD,
WMMVY,WMMVY,2026-10-27,2026-09-30,0.42,USD,
WRTBF,WRTBF,2026-10-27,2026-09-30,0.27,USD,
ZNCXF,ZNCXF,2026-10-27,2026-09-30,,USD,
ADBRF,ADBRF,2026-10-28,2026-09-30,,USD,
AGSVF,AGSVF,2026-10-28,2026-09-30,,USD,
AMSF,AMERISAFE INC,2026-10-28,2026-09-30,0.5,USD,
ARR,ARMOUR RESIDENTIAL REIT INC,2026-10-28,2026-09-30,0.72,USD,
AVB,AVALONBAY COMMUNITIES INC,2026-10-28,2026-09-30,1.1,USD,
BA,BOEING COMPANY,2026-10-28,2026-09-30,-0.09,USD,
BCCLF,BCCLF,2026-10-28,2026-09-30,0.38,USD,
BCDRF,BCDRF,2026-10-28,2026-09-30,0.26,USD,
BHOOY,BHOOY,2026-10-28,2026-08-31,,USD,
BNPQF,BNPQF,2026-10-28,2026-09-30,2.99,USD,
BNPQY,BNPQY,2026-10-28,2026-09-30,1.71,USD,
BPRN,PRINCETON BANCORP INC,2026-10-28,2026-09-30,0.92,USD,
CCARF,CCARF,2026-10-28,2026-07-31,,USD,
CCOEF,CCOEF,2026-10-28,2026-09-30,22.14,USD,
CGPZF,CGPZF,2026-10-28,2026-08-31,,USD,
CLVSF,CLVSF,2026-10-28,2026-09-30,1.45,USD,
COCO,VITA COCO COMPANY INC (THE),2026-10-28,2026-09-30,0.53,USD,
CPAC,CEMENTOS PACASMAYO S.A.A.,2026-10-28,2026-09-30,,USD,
CPF,CENTRAL PACIFIC FINANCIAL CORP,2026-10-28,2026-09-30,0.81,USD,
CSPUF,CSPUF,2026-10-28,2026-09-30,,USD,
CUOTF,CUOTF,2026-10-28,2026-09-30,,USD,
DASTF,DASTF,2026-10-28,2026-09-30,0.31,USD,
DASTY,DASTY,2026-10-28,2026-09-30,0.3,USD,
DBVT,DBV TECHNOLOGIES,2026-10-28,2026-09-30,-0.15,USD,
DBVTF,DBVTF,2026-10-28,2026-09-30,-0.08,USD,
DNCVF,DNCVF,2026-10-28,2026-09-30,,USD,
ECTXF,ECTXF,2026-10-28,2026-09-30,0.77,USD,
EPIAF,EPIAF,2026-10-28,2026-09-30,2.18,USD,
EPIPF,EPIPF,2026-10-28,2026-09-30,,USD,
EQNR,EQUINOR ASA,2026-10-28,2026-09-30,1.47,USD,
EVNIF,EVNIF,2026-10-28,2026-09-30,,USD,
FBBPF,FBBPF,2026-10-28,2026-09-30,1.21,USD,
FDXF,FEDEX FREIGHT HOLDING COMPANY INC,2026-10-28,2026-08-31,1.38,USD,
FDXF-WI,FDXF-WI,2026-10-28,2026-09-30,1.38,USD,
FGLDD,FGLDD,2026-10-28,2026-09-30,,USD,
FGLDF,FGLDF,2026-10-28,2026-09-30,,USD,
FIBK,FIRST INTERSTATE BANCSYSTEM INC,2026-10-28,2026-09-30,0.76,USD,
FNXTF,FNXTF,2026-10-28,2026-09-30,,USD,
FOJCF,FOJCF,2026-10-28,2026-09-30,0.1,USD,
FPH,FIVE POINT HOLDINGS LLC - CLASS A,2026-10-28,2026-09-30,,USD,
FSROF,FSROF,2026-10-28,2026-09-30,0.04,USD,
FTEL,FTEL,2026-10-28,2026-09-30,,USD,
FUUFF,FUUFF,2026-10-28,2026-09-30,,USD,
GBX,GREENBRIER COS. INC,2026-10-28,2026-08-31,0.82,USD,
GEF-B,GREIF INC - CLASS B,2026-10-28,2026-07-31,1.69,USD,
GEV,GE VERNOVA LLC,2026-10-28,2026-09-30,4.2,USD,
GMEX,GMEX ROBOTICS CORP CL A ORD,2026-10-28,2026-09-30,,USD,
GOOG,ALPHABET INC - CLASS C,2026-10-28,2026-09-30,3.01,USD,
GOOGL,ALPHABET INC - CLASS A,2026-10-28,2026-09-30,3.02,USD,
GORIF,GORIF,2026-10-28,2026-09-30,,USD,
GRBMF,GRBMF,2026-10-28,2026-09-30,0.91,USD,
JMSB,JOHN MARSHALL BANCORP INC,2026-10-28,2026-09-30,0.47,USD,
KKPNF,KKPNF,2026-10-28,2026-09-30,0.06,USD,
KMI,KINDER MORGAN INC - CLASS P,2026-10-28,2026-09-30,0.32,USD,
KNYJF,KNYJF,2026-10-28,2026-09-30,0.56,USD,
MAPIF,MAPIF,2026-10-28,2026-09-30,0.03,USD,
MEOH,METHANEX CORP,2026-10-28,2026-09-30,3.03,USD,
MKGSF,MKGSF,2026-10-28,2026-09-30,,USD,
NMNZF,NMNZF,2026-10-28,2026-09-30,,USD,
NOW,SERVICENOW INC,2026-10-28,2026-09-30,1.03,USD,
NRGYF,NRGYF,2026-10-28,2026-09-30,,USD,
NRIM,NORTHRIM BANCORP INC,2026-10-28,2026-09-30,0.67,USD,
NWARF,NWARF,2026-10-28,2026-09-30,1.54,USD,
OBK,ORIGIN BANCORP INC,2026-10-28,2026-09-30,1.06,USD,
OBT,ORANGE COUNTY BANCORP INC,2026-10-28,2026-09-30,0.87,USD,
ORINF,ORINF,2026-10-28,2026-09-30,1.06,USD,
OTIS,OTIS WORLDWIDE CORP,2026-10-28,2026-09-30,1.02,USD,
OTLY,OATLY GROUP AB,2026-10-28,2026-09-30,-0.56,USD,
OVLY,OAK VALLEY BANCORP,2026-10-28,2026-09-30,,USD,
PCIMF,PCIMF,2026-10-28,2026-09-30,,USD,
PKBK,PARKE BANCORP INC,2026-10-28,2026-09-30,,USD,
PSMT,PRICESMART INC,2026-10-28,2026-08-31,1.07,USD,
RFL,RAFAEL HOLDINGS INC - CLASS B,2026-10-28,2026-07-31,,USD,
RGC,REGENCELL BIOSCIENCE HOLDINGS LTD,2026-10-28,2026-09-30,,USD,
RJF,RAYMOND JAMES FINANCIAL INC,2026-10-28,2026-09-30,3.33,USD,
RMANF,RMANF,2026-10-28,2026-09-30,,USD,
RMPMF,RMPMF,2026-10-28,2026-09-30,,USD,
ROL,ROLLINS INC,2026-10-28,2026-09-30,0.35,USD,
SAN,BANCO SANTANDER S.A.,2026-10-28,2026-09-30,0.31,USD,
SICNF,SICNF,2026-10-28,2026-09-30,,USD,
SRKZF,SRKZF,2026-10-28,2026-09-30,,USD,
SSAAF,SSAAF,2026-10-28,2026-09-30,1.42,USD,
STOHF,STOHF,2026-10-28,2026-09-30,1.23,USD,
TEL,TE CONNECTIVITY PLC,2026-10-28,2026-09-30,3.06,USD,
TELNF,TELNF,2026-10-28,2026-09-30,2.3,USD,
TELNY,TELNY,2026-10-28,2026-09-30,,USD,
TRATF,TRATF,2026-10-28,2026-09-30,1.15,USD,
TZOO,TRAVELZOO,2026-10-28,2026-09-30,0.07,USD,
UPMKF,UPMKF,2026-10-28,2026-09-30,0.32,USD,
UVSP,UNIVEST FINANCIAL CORP,2026-10-28,2026-09-30,0.98,USD,
VDRFF,VDRFF,2026-10-28,2026-09-30,,USD,
VIST,VISTA ENERGY S.A.B. DE C.V,2026-10-28,2026-09-30,52.09,USD,
VSOGF,VSOGF,2026-10-28,2026-09-30,2.72,USD,
WEX,WEX INC,2026-10-28,2026-09-30,5.61,USD,
YARRF,YARRF,2026-10-28,2026-09-30,,USD,
ZDGE,ZEDGE INC - CLASS B,2026-10-28,2026-07-31,0.04,USD,
AAPL,APPLE INC,2026-10-29,2026-09-30,1.98,USD,
AKRBF,AKRBF,2026-10-29,2026-09-30,6.94,USD,
ALNPF,ALNPF,2026-10-29,2026-09-30,96.32,USD,
AMP,AMERIPRISE FINANCIAL INC,2026-10-29,2026-09-30,11.72,USD,
APPF,APPFOLIO INC - CLASS A,2026-10-29,2026-09-30,1.76,USD,
AROW,ARROW FINANCIAL CORP,2026-10-29,2026-09-30,0.94,USD,
BDNNY,BDNNY,2026-10-29,2026-09-30,,USD,
BDRGF,BDRGF,2026-10-29,2026-08-31,,USD,
BMYMP,BMYMP,2026-10-29,2026-09-30,,USD,
CCNE,CNB FINANCIAL CORP (PA),2026-10-29,2026-09-30,0.89,USD,
CDDRF,CDDRF,2026-10-29,2026-09-30,0.16,USD,
CGEAF,CGEAF,2026-10-29,2026-08-31,2.3,USD,
CGECF,CGECF,2026-10-29,2026-08-31,-2.63,USD,
CJREF,CJREF,2026-10-29,2026-08-31,-0.09,USD,
CMCSA,COMCAST CORP - CLASS A,2026-10-29,2026-09-30,1,USD,
CNOB,CONNECTONE BANCORP INC,2026-10-29,2026-09-30,0.85,USD,
COLB,COLUMBIA BANKING SYSTEM INC,2026-10-29,2026-09-30,0.77,USD,
CTARF,CTARF,2026-10-29,2026-09-30,,USD,
DBLVF,DBLVF,2026-10-29,2026-08-31,,USD,
DHI,D.R. HORTON INC,2026-10-29,2026-09-30,3.04,USD,
DNSKF,DNSKF,2026-10-29,2026-09-30,7.62,USD,
EAATF,EAATF,2026-10-29,2026-08-31,,USD,
ELKEF,ELKEF,2026-10-29,2026-09-30,0.2,USD,
EMBVF,EMBVF,2026-10-29,2026-09-30,3.59,USD,
EW,EDWARDS LIFESCIENCES CORP,2026-10-29,2026-09-30,0.74,USD,
FMBH,FIRST MID BANCSHARES INC,2026-10-29,2026-09-30,1.15,USD,
FOR,FORESTAR GROUP INC NEW,2026-10-29,2026-09-30,1.26,USD,
FTRCF,FTRCF,2026-10-29,2026-09-30,,USD,
GRPFF,GRPFF,2026-10-29,2026-09-30,0.26,USD,
HBPCF,HBPCF,2026-10-29,2026-07-31,,USD,
HIG,HARTFORD FINANCIAL SERVICES GROUP INC,2026-10-29,2026-09-30,3.05,USD,
HNVR,HANOVER BANCORP INC,2026-10-29,2026-09-30,0.64,USD,
IMAX,IMAX CORP,2026-10-29,2026-09-30,0.52,USD,
ISMAF,ISMAF,2026-10-29,2026-09-30,0.55,USD,
JAKK,JAKKS PACIFIC INC,2026-10-29,2026-09-30,2.34,USD,
KB,KB FINANCIAL GROUP INC,2026-10-29,2026-09-30,5322.08,USD,
KDKGF,KDKGF,2026-10-29,2026-08-31,,USD,
KKOYF,KKOYF,2026-10-29,2026-09-30,0.39,USD,
KNNGF,KNNGF,2026-10-29,2026-09-30,0.89,USD,
LBTYA,LIBERTY GLOBAL PLC - CLASS A,2026-10-29,2026-09-30,-0.16,USD,
LBTYB,LIBERTY GLOBAL PLC - CLASS B,2026-10-29,2026-09-30,,USD,
LBTYK,LIBERTY GLOBAL PLC - CLASS C,2026-10-29,2026-09-30,,USD,
LFSWF,LFSWF,2026-10-29,2026-08-31,,USD,
LGYRF,LGYRF,2026-10-29,2026-09-30,,USD,
LOMLF,LOMLF,2026-10-29,2026-09-30,,USD,
LPKFF,LPKFF,2026-10-29,2026-09-30,,USD,
MBLY,MOBILEYE GLOBAL INC - CLASS A,2026-10-29,2026-09-30,0.1,USD,
MPFRF,MPFRF,2026-10-29,2026-09-30,0.12,USD,
MRK,MERCK & CO INC,2026-10-29,2026-09-30,,USD,
MSBI,MIDLAND STATES BANCORP INC,2026-10-29,2026-09-30,0.83,USD,
NCT,INTERCONT (CAYMAN) LTD,2026-10-29,2026-09-30,,USD,
NLTBF,NLTBF,2026-10-29,2026-09-30,0.77,USD,
NSKFD,NSKFD,2026-10-29,2026-09-30,1.65,USD,
NSKFF,NSKFF,2026-10-29,2026-09-30,1.65,USD,
NTOIF,NTOIF,2026-10-29,2026-09-30,0.61,USD,
NVCR,NOVOCURE LTD,2026-10-29,2026-09-30,-0.25,USD,
NWXPF,NWXPF,2026-10-29,2026-07-31,,USD,
PLXNF,PLXNF,2026-10-29,2026-09-30,,USD,
PREIF,PREIF,2026-10-29,2026-08-31,,USD,
QUEXF,QUEXF,2026-10-29,2026-08-31,,USD,
REPYF,REPYF,2026-10-29,2026-09-30,1.57,USD,
REPYY,REPYY,2026-10-29,2026-09-30,,USD,
SAM,BOSTON BEER CO. INC - CLASS A,2026-10-29,2026-09-30,4.34,USD,
SBFG,SB FINANCIAL GROUP INC,2026-10-29,2026-09-30,0.6,USD,
SKYW,SKYWEST INC,2026-10-29,2026-09-30,3.13,USD,
SLP,SIMULATIONS PLUS INC,2026-10-29,2026-08-31,0.16,USD,
SMOPF,SMOPF,2026-10-29,2026-09-30,0.03,USD,
SNZZF,SNZZF,2026-10-29,2026-09-30,,USD,
SON,SONOCO PRODUCTS COMPANY,2026-10-29,2026-09-30,1.95,USD,
STM,ST MICROELECTRONICS,2026-10-29,2026-09-30,0.37,USD,
STMEF,STMEF,2026-10-29,2026-09-30,0.43,USD,
TTE,TOTALENERGIES SE,2026-10-29,2026-09-30,2.81,USD,
TV,GRUPO TELEVISA SAB,2026-10-29,2026-09-30,1.2,USD,
TVFCF,TVFCF,2026-10-29,2026-09-30,,USD,
VABK,VIRGINIA NATIONAL BANKSHARES CORP,2026-10-29,2026-09-30,,USD,
VLKAF,VLKAF,2026-10-29,2026-09-30,3.93,USD,
VLY,VALLEY NATIONAL BANCORP,2026-10-29,2026-09-30,0.34,USD,
VWAGY,VWAGY,2026-10-29,2026-09-30,0.76,USD,
WTBA,WEST BANCORPORATION,2026-10-29,2026-09-30,0.69,USD,
AAFRF,AAFRF,2026-10-30,2026-09-30,0.03,USD,
ACRXF,ACRXF,2026-10-30,2026-09-30,,USD,
BNHUF,BNHUF,2026-10-30,2026-09-30,10.9,USD,
CHTR,CHARTER COMMUNICATIONS INC - CLASS A,2026-10-30,2026-09-30,9.99,USD,
CNI,CANADIAN NATIONAL RAILWAY COMPANY,2026-10-30,2026-09-30,2.07,USD,
EAF,GRAFTECH INTERNATIONAL LTD,2026-10-30,2026-09-30,-1.47,USD,
GGXXF,GGXXF,2026-10-30,2026-09-30,,USD,
HKBNF,HKBNF,2026-10-30,2026-08-31,,USD,
NDMCF,NDMCF,2026-10-30,2026-09-30,,USD,
SEOAY,SEOAY,2026-10-30,2026-09-30,,USD,
SXT,SENSIENT TECHNOLOGIES CORP,2026-10-30,2026-09-30,1.03,USD,
XXMMF,XXMMF,2026-10-30,2026-09-30,,USD,
YITJF,YITJF,2026-10-30,2026-09-30,0.03,USD,
ENAFF,ENAFF,2026-11-02,2026-09-30,,USD,
GPOVF,GPOVF,2026-11-02,2026-09-30,,USD,
KFRC,KFORCE INC,2026-11-02,2026-09-30,0.73,USD,
RYAAY,RYANAIR HOLDINGS PLC,2026-11-02,2026-09-30,3.54,USD,
RYAOF,RYAOF,2026-11-02,2026-09-30,1.5,USD,
SANM,SANMINA CORP,2026-11-02,2026-09-30,3.02,USD,
WEBNF,WEBNF,2026-11-02,2026-09-30,,USD,
ASBFF,ASBFF,2026-11-03,2026-09-30,,USD,
ASBFY,ASBFY,2026-11-03,2026-09-30,,USD,
ASOMF,ASOMF,2026-11-03,2026-08-31,,USD,
CMRE,COSTAMARE INC,2026-11-03,2026-09-30,0.69,USD,
HURN,HURON CONSULTING GROUP INC,2026-11-03,2026-09-30,2.43,USD,
IFCZF,IFCZF,2026-11-03,2026-09-30,4.36,USD,
LOGI,LOGITECH INTERNATIONAL S.A.,2026-11-03,2026-09-30,1.37,USD,
NCCBF,NCCBF,2026-11-03,2026-09-30,5.43,USD,
RNR,RENAISSANCERE HOLDINGS LTD,2026-11-03,2026-09-30,6.7,USD,
TRUBF,TRUBF,2026-11-03,2026-09-30,0.23,USD,
UNM,UNUM GROUP,2026-11-03,2026-09-30,2.23,USD,
URCFF,URCFF,2026-11-03,2026-10-31,,USD,
ZONNF,ZONNF,2026-11-03,2026-09-30,,USD,
ACHC,ACADIA HEALTHCARE COMPANY INC,2026-11-04,2026-09-30,0.48,USD,
BYCBF,BYCBF,2026-11-04,2026-08-31,,USD,
CLOEF,CLOEF,2026-11-04,2026-09-30,0.61,USD,
FC,FRANKLIN COVEY COMPANY,2026-11-04,2026-08-31,0.67,USD,
GWLIF,GWLIF,2026-11-04,2026-09-30,1.41,USD,
HOG,HARLEY-DAVIDSON INC,2026-11-04,2026-09-30,0.46,USD,
KMBIF,KMBIF,2026-11-04,2026-09-30,0.18,USD,
LVWR,LIVEWIRE GROUP INC,2026-11-04,2026-09-30,,USD,
MAKSF,MAKSF,2026-11-04,2026-09-30,,USD,
MCVEF,MCVEF,2026-11-04,2026-09-30,0.19,USD,
NDLS,NOODLES & COMPANY - CLASS A,2026-11-04,2026-09-30,-0.21,USD,
OVV,OVINTIV INC,2026-11-04,2026-09-30,1.87,USD,
SARMF,SARMF,2026-11-04,2026-09-30,,USD,
SLOFF,SLOFF,2026-11-04,2026-09-30,4.49,USD,
TNLIF,TNLIF,2026-11-04,2026-08-31,,USD,
AKAAF,AKAAF,2026-11-05,2026-09-30,,USD,
ATDRF,ATDRF,2026-11-05,2026-09-30,,USD,
BTGOF,BTGOF,2026-11-05,2026-09-30,,USD,
CAMRF,CAMRF,2026-11-05,2026-09-30,4.36,USD,
CRECF,CRECF,2026-11-05,2026-08-31,,USD,
CRLFF,CRLFF,2026-11-05,2026-09-30,0.08,USD,
GYUAF,GYUAF,2026-11-05,2026-09-30,47.33,USD,
HNSBF,HNSBF,2026-11-05,2026-09-30,5.35,USD,
KRUS,KURA SUSHI USA INC - CLASS A,2026-11-05,2026-08-31,0.19,USD,
LABFF,LABFF,2026-11-05,2026-09-30,,USD,
LPL,LG DISPLAY CO LTD,2026-11-05,2026-09-30,0.09,USD,
MCQEF,MCQEF,2026-11-05,2026-09-30,,USD,
MQBKY,MQBKY,2026-11-05,2026-09-30,,USD,
NABZY,NABZY,2026-11-05,2026-09-30,,USD,
NAUBF,NAUBF,2026-11-05,2026-09-30,,USD,
NGG,NATIONAL GRID PLC,2026-11-05,2026-09-30,,GBP,
NGGTF,NGGTF,2026-11-05,2026-09-30,,USD,
RNG,RINGCENTRAL INC - CLASS A,2026-11-05,2026-09-30,1.28,USD,
SFHLF,SFHLF,2026-11-05,2026-09-30,,USD,
SKSBF,SKSBF,2026-11-05,2026-09-30,4.66,USD,
TATYF,TATYF,2026-11-05,2026-09-30,,USD,
USREF,USREF,2026-11-05,2026-10-31,,USD,
VALIF,VALIF,2026-11-05,2026-09-30,3.02,USD,
WSE,WISE GROUP PLC,2026-11-05,2026-09-30,,USD,
CDNIF,CDNIF,2026-11-06,2026-09-30,,USD,
SVA,SINOVAC BIOTECH LTD,2026-11-06,2026-09-30,,USD,
ANZGF,ANZGF,2026-11-09,2026-09-30,,USD,
ANZGY,ANZGY,2026-11-09,2026-09-30,,USD,
ICPVF,ICPVF,2026-11-09,2026-09-30,,USD,
KNNNF,KNNNF,2026-11-09,2026-09-30,,USD,
LBTSF,LBTSF,2026-11-09,2026-09-30,0.13,USD,
VDMCY,VDMCY,2026-11-09,2026-09-30,,USD,
VODAF,VODAF,2026-11-09,2026-09-30,,USD,
DCCPF,DCCPF,2026-11-10,2026-09-30,,USD,
IFUUF,IFUUF,2026-11-10,2026-09-30,,USD,
LMHDF,LMHDF,2026-11-10,2026-09-30,,USD,
OPHC,OPTIMUMBANK HOLDINGS INC,2026-11-10,2026-09-30,0.25,USD,
OXINF,OXINF,2026-11-10,2026-09-30,,USD,
SUCEF,SUCEF,2026-11-10,2026-09-30,,USD,
SURRF,SURRF,2026-11-10,2026-09-30,,USD,
VIV,TELEFONICA BRASIL S.A.,2026-11-10,2026-09-30,1.36,USD,
VOD,VODAFONE GROUP PLC,2026-11-10,2026-09-30,,EUR,
VODPF,VODPF,2026-11-10,2026-09-30,,USD,
AVBC,AVIDIA BANCORP INC,2026-11-11,2026-09-30,0.38,USD,
AVNBF,AVNBF,2026-11-11,2026-09-30,,USD,
BMRPF,BMRPF,2026-11-11,2026-09-30,,USD,
ICGUF,ICGUF,2026-11-11,2026-09-30,,USD,
JELCF,JELCF,2026-11-11,2026-09-30,,USD,
KIQSF,KIQSF,2026-11-11,2026-09-30,,USD,
NP,NEPTUNE INSURANCE HOLDINGS INC - CLASS A,2026-11-11,2026-09-30,0.16,USD,
PCYO,PURE CYCLE CORP,2026-11-11,2026-08-31,,USD,
PPRQF,PPRQF,2026-11-11,2026-09-30,,USD,
SNGNF,SNGNF,2026-11-11,2026-09-30,,USD,
STBFF,STBFF,2026-11-11,2026-09-30,105.94,USD,
WHTPF,WHTPF,2026-11-11,2026-08-31,,USD,
YPHDF,YPHDF,2026-11-11,2026-09-30,,USD,
ALKEF,ALKEF,2026-11-12,2026-09-30,0.05,USD,
AMYZF,AMYZF,2026-11-12,2026-10-31,,USD,
ARLUF,ARLUF,2026-11-12,2026-09-30,,USD,
BBRYF,BBRYF,2026-11-12,2026-09-30,,USD,
BNDSF,BNDSF,2026-11-12,2026-09-30,0.07,USD,
BURBY,BURBY,2026-11-12,2026-09-30,,USD,
FGROF,FGROF,2026-11-12,2026-09-30,,USD,
GRCLF,GRCLF,2026-11-12,2026-09-30,,USD,
HZO,MARINEMAX INC,2026-11-12,2026-09-30,0.05,USD,
MFGHF,MFGHF,2026-11-12,2026-09-30,,USD,
NPB,NORTHPOINTE BANCSHARES INC,2026-11-12,2026-09-30,0.63,USD,
OCLDF,OCLDF,2026-11-12,2026-09-30,,USD,
PFODF,PFODF,2026-11-12,2026-09-30,,USD,
PITAF,PITAF,2026-11-12,2026-09-30,0.53,USD,
QNTQF,QNTQF,2026-11-12,2026-09-30,,USD,
SONVF,SONVF,2026-11-12,2026-09-30,,USD,
SPASF,SPASF,2026-11-12,2026-09-30,,USD,
TGOPF,TGOPF,2026-11-12,2026-09-30,,USD,
UUGRY,UUGRY,2026-11-12,2026-09-30,,USD,
UUGWF,UUGWF,2026-11-12,2026-09-30,,USD,
XROLF,XROLF,2026-11-12,2026-09-30,,USD,
ACEJF,ACEJF,2026-11-13,2026-09-30,,USD,
CFRHF,CFRHF,2026-11-13,2026-09-30,,USD,
CFRUY,CFRUY,2026-11-13,2026-09-30,,USD,
LSGOF,LSGOF,2026-11-13,2026-09-30,,USD,
SPSTF,SPSTF,2026-11-13,2026-09-30,,USD,
BRSGF,BRSGF,2026-11-16,2026-08-31,,USD,
BYLOF,BYLOF,2026-11-16,2026-09-30,,USD,
NINTF,NINTF,2026-11-16,2026-09-30,,USD,
SRRLF,SRRLF,2026-11-16,2026-09-30,,USD,
ALSMY,ALSMY,2026-11-17,2026-09-30,,USD,
AOMFF,AOMFF,2026-11-17,2026-09-30,,USD,
CRWKF,CRWKF,2026-11-17,2026-09-30,,USD,
DPLMF,DPLMF,2026-11-17,2026-09-30,,USD,
IMBBF,IMBBF,2026-11-17,2026-09-30,,USD,
NTIC,NORTHERN TECHNOLOGIES INTERNATIONAL CORP,2026-11-17,2026-08-31,0.06,USD,
REVNF,REVNF,2026-11-17,2026-09-30,,USD,
THNOF,THNOF,2026-11-17,2026-09-30,,USD,
BRLAF,BRLAF,2026-11-18,2026-09-30,,USD,
BTLCY,BTLCY,2026-11-18,2026-09-30,,USD,
BTRCF,BTRCF,2026-11-18,2026-09-30,,USD,
DRTGF,DRTGF,2026-11-18,2026-09-30,,USD,
EXPGF,EXPGF,2026-11-18,2026-09-30,,USD,
IGPYF,IGPYF,2026-11-18,2026-09-30,,USD,
SLOIF,SLOIF,2026-11-18,2026-09-30,,USD,
SSEZF,SSEZF,2026-11-18,2026-09-30,,USD,
SVTRF,SVTRF,2026-11-18,2026-09-30,,USD,
WLRMF,WLRMF,2026-11-18,2026-09-30,,USD,
YDDL,ONE AND ONE GREEN TECHNOLOGIES. INC - CLASS A,2026-11-18,2026-09-30,,USD,
BCKIF,BCKIF,2026-11-19,2026-09-30,,USD,
CWLPF,CWLPF,2026-11-19,2026-08-31,,USD,
DOCMF,DOCMF,2026-11-19,2026-09-30,,USD,
GPEAF,GPEAF,2026-11-19,2026-09-30,,USD,
GRGTF,GRGTF,2026-11-19,2026-09-30,,USD,
HLMAF,HLMAF,2026-11-19,2026-09-30,,USD,
IVTJF,IVTJF,2026-11-19,2026-09-30,,USD,
JMPLF,JMPLF,2026-11-19,2026-09-30,,USD,
JMPLY,JMPLY,2026-11-19,2026-09-30,,USD,
LKREF,LKREF,2026-11-19,2026-09-30,,USD,
LNSPF,LNSPF,2026-11-19,2026-09-30,,USD,
MITFF,MITFF,2026-11-19,2026-09-30,,USD,
NUFMF,NUFMF,2026-11-19,2026-09-30,,USD,
OMSE,OMS ENERGY TECHNOLOGIES INC,2026-11-19,2026-09-30,,USD,
PXED,PHOENIX EDUCATION PARTNERS INC,2026-11-19,2026-08-31,1.07,USD,
PYPTF,PYPTF,2026-11-19,2026-09-30,,USD,
SGGEF,SGGEF,2026-11-19,2026-09-30,,USD,
SGPPF,SGPPF,2026-11-19,2026-09-30,,USD,
TBVPF,TBVPF,2026-11-19,2026-09-30,,USD,
UBSFF,UBSFF,2026-11-19,2026-09-30,,USD,
UBSFY,UBSFY,2026-11-19,2026-09-30,,USD,
VTKLF,VTKLF,2026-11-19,2026-09-30,,USD,
WKPPF,WKPPF,2026-11-19,2026-09-30,,USD,
BMNR,BITMINE IMMERSION TECHNOLOGIES INC,2026-11-20,2026-08-31,0.2,USD,
CPBLF,CPBLF,2026-11-23,2026-09-30,,USD,
GRWXF,GRWXF,2026-11-23,2026-09-30,,USD,
KWIPF,KWIPF,2026-11-23,2026-09-30,,USD,
LOVFF,LOVFF,2026-11-23,2026-08-31,0.04,USD,
TGNOF,TGNOF,2026-11-23,2026-08-31,,USD,
AROAF,AROAF,2026-11-24,2026-09-30,,USD,
CJEWF,CJEWF,2026-11-24,2026-09-30,,USD,
CMPGF,CMPGF,2026-11-24,2026-09-30,,USD,
DSNY,DSNY,2026-11-24,2026-08-31,,USD,
EJTTF,EJTTF,2026-11-24,2026-09-30,,USD,
FSPKF,FSPKF,2026-11-24,2026-09-30,,USD,
GDDFF,GDDFF,2026-11-24,2026-08-31,,USD,
GELEF,GELEF,2026-11-24,2026-10-31,,USD,
PAHGF,PAHGF,2026-11-24,2026-09-30,,USD,
PPKRF,PPKRF,2026-11-24,2026-09-30,,USD,
VTSYF,VTSYF,2026-11-24,2026-09-30,,USD,
WEBJF,WEBJF,2026-11-24,2026-09-30,,USD,
ZEGLF,ZEGLF,2026-11-24,2026-09-30,,USD,
ARCUF,ARCUF,2026-11-25,2026-10-31,,USD,
ATHGF,ATHGF,2026-11-25,2026-09-30,,USD,
FRTCF,FRTCF,2026-11-25,2026-09-30,,USD,
NAPRF,NAPRF,2026-11-25,2026-09-30,,USD,
NPSNY,NPSNY,2026-11-25,2026-09-30,,USD,
PLG,PLATINUM GROUP METALS LTD,2026-11-25,2026-08-31,,USD,
PROSF,PROSF,2026-11-25,2026-09-30,,USD,
TDGGF,TDGGF,2026-11-25,2026-10-31,,USD,
AVLNF,AVLNF,2026-11-26,2026-08-31,-0.42,USD,
BAMIF,BAMIF,2026-11-26,2026-08-31,0.2,USD,
BGFGF,BGFGF,2026-11-26,2026-10-31,,USD,
CAMZF,CAMZF,2026-11-26,2026-10-31,,USD,
CNENF,CNENF,2026-11-26,2026-10-31,,USD,
COMCF,COMCF,2026-11-26,2026-10-31,,USD,
CTXDF,CTXDF,2026-11-26,2026-10-31,,USD,
CWAFF,CWAFF,2026-11-26,2026-09-30,,USD,
DVHGF,DVHGF,2026-11-26,2026-10-31,,USD,
GBGPF,GBGPF,2026-11-26,2026-09-30,,USD,
GODZF,GODZF,2026-11-26,2026-10-31,,USD,
GZDIF,GZDIF,2026-11-26,2026-10-31,,USD,
HLFDF,HLFDF,2026-11-26,2026-09-30,,USD,
HLICD,HLICD,2026-11-26,2026-09-30,,USD,
HLICF,HLICF,2026-11-26,2026-09-30,,USD,
LTGHF,LTGHF,2026-11-26,2026-09-30,,USD,
MARZF,MARZF,2026-11-26,2026-09-30,,USD,
MBCOF,MBCOF,2026-11-26,2026-10-31,,USD,
MBPFF,MBPFF,2026-11-26,2026-09-30,,USD,
MMNGF,MMNGF,2026-11-26,2026-10-31,,USD,
PBTHF,PBTHF,2026-11-26,2026-09-30,,USD,
REMYF,REMYF,2026-11-26,2026-09-30,,USD,
RHCGF,RHCGF,2026-11-26,2026-09-30,,USD,
SUIFF,SUIFF,2026-11-26,2026-10-31,,USD,
TGSHF,TGSHF,2026-11-26,2026-10-31,,USD,
TPCFF,TPCFF,2026-11-26,2026-08-31,,USD,
ATOXF,ATOXF,2026-11-27,2026-10-31,,USD,
CGHOF,CGHOF,2026-11-27,2026-09-30,,USD,
KDAGF,KDAGF,2026-11-27,2026-10-31,,USD,
MMIRF,MMIRF,2026-11-27,2026-10-31,,USD,
STRPF,STRPF,2026-11-27,2026-10-31,,USD,
GECSF,GECSF,2026-11-30,2026-08-31,,USD,
MCSHF,MCSHF,2026-11-30,2026-10-31,,USD,
TIHRF,TIHRF,2026-11-30,2026-09-30,,USD,
TRX,TRX GOLD CORP,2026-11-30,2026-08-31,0.03,USD,
WWNTF,WWNTF,2026-11-30,2026-09-30,,USD,
ANKOF,ANKOF,2026-12-01,2026-10-31,,USD,
GNCGF,GNCGF,2026-12-01,2026-09-30,,USD,
NRWRF,NRWRF,2026-12-01,2026-09-30,,USD,
OOBHF,OOBHF,2026-12-01,2026-09-30,,USD,
PEGRF,PEGRF,2026-12-01,2026-09-30,,USD,
TBRIF,TBRIF,2026-12-01,2026-10-31,,USD,
TTTRF,TTTRF,2026-12-01,2026-09-30,,USD,
VTXPF,VTXPF,2026-12-01,2026-09-30,,USD,
FRNWF,FRNWF,2026-12-02,2026-09-30,,USD,
LKTEF,LKTEF,2026-12-03,2026-09-30,,USD,
LMRMF,LMRMF,2026-12-03,2026-10-31,,USD,
SDIPF,SDIPF,2026-12-03,2026-10-31,,USD,
SSPPF,SSPPF,2026-12-03,2026-09-30,,USD,
WOSGF,WOSGF,2026-12-03,2026-10-31,,USD,
YLLXF,YLLXF,2026-12-03,2026-09-30,,USD,
VMAR,VISION MARINE TECHNOLOGIES INC,2026-12-04,2026-11-30,-840,USD,
IDEXF,IDEXF,2026-12-07,2026-10-31,,USD,
IDEXY,IDEXY,2026-12-07,2026-10-31,,USD,
AHMA,AMBITIONS ENTERPRISE MANAGEMENT CO LLC - CLASS A,2026-12-08,2026-09-30,,USD,
CLLFF,CLLFF,2026-12-08,2026-10-31,,USD,
CMGMF,CMGMF,2026-12-08,2026-10-31,,USD,
MDCLF,MDCLF,2026-12-08,2026-09-30,,USD,
NCCGF,NCCGF,2026-12-08,2026-11-30,,USD,
RWSPF,RWSPF,2026-12-08,2026-09-30,,USD,
ARQQ,ARQIT QUANTUM INC,2026-12-09,2026-09-30,,USD,
BKGFF,BKGFF,2026-12-09,2026-10-31,,USD,
IHPGF,IHPGF,2026-12-09,2026-09-30,,USD,
NWINF,NWINF,2026-12-09,2026-09-30,,USD,
OCGSF,OCGSF,2026-12-10,2026-11-30,-0.01,USD,
SPCNF,SPCNF,2026-12-10,2026-11-30,,USD,
CUAUF,CUAUF,2026-12-11,2026-11-30,,USD,
CUYTF,CUYTF,2026-12-15,2026-09-30,,USD,
HOSHF,HOSHF,2026-12-15,2026-10-31,,USD,
DSITF,DSITF,2026-12-17,2026-10-31,,USD,
EQMEF,EQMEF,2026-12-17,2026-11-30,-0.02,USD,
PICJF,PICJF,2026-12-17,2026-10-31,,USD,
REE,REE AUTOMOTIVE LTD - CLASS A,2026-12-17,2026-09-30,,USD,
BELDF,BELDF,2026-12-22,2026-11-30,,USD,
GKPRF,GKPRF,2026-12-29,2026-11-30,0.01,USD,
OPWEF,OPWEF,2026-12-29,2026-11-30,,USD,
ALP,ALPHA COMPUTE CORP,2027-01-12,2026-12-31,,USD,
BGOUF,BGOUF,2027-01-13,2026-11-30,,USD,
SFSHF,SFSHF,2027-01-14,2026-10-31,,USD,
SURVF,SURVF,2027-01-21,2026-12-31,,USD,
IVSBF,IVSBF,2027-01-22,2026-12-31,,USD,
GVDBF,GVDBF,2027-01-27,2026-12-31,,USD,
GVDNY,GVDNY,2027-01-27,2026-12-31,,USD,
ERFSF,ERFSF,2027-01-28,2026-12-31,,USD,
LZAGF,LZAGF,2027-01-28,2026-12-31,,USD,
LZAGY,LZAGY,2027-01-28,2026-12-31,,USD,
NIUWF,NIUWF,2027-01-28,2026-12-31,,USD,
RHHBY,RHHBY,2027-01-28,2026-12-31,,USD,
RHHVF,RHHVF,2027-01-28,2026-12-31,,USD,
CYSNF,CYSNF,2027-02-01,2026-11-30,,USD,
JBARF,JBARF,2027-02-01,2026-12-31,,USD,
KPDCF,KPDCF,2027-02-01,2026-12-31,,USD,
PGPEF,PGPEF,2027-02-02,2026-12-31,,USD,
PUBGY,PUBGY,2027-02-02,2026-12-31,,USD,
SWGAF,SWGAF,2027-02-02,2026-12-31,,USD,
SWGNF,SWGNF,2027-02-02,2026-12-31,,USD,
HCTPF,HCTPF,2027-02-04,2026-12-31,,USD,
SIGRF,SIGRF,2027-02-04,2026-12-31,,USD,
EMSHF,EMSHF,2027-02-05,2026-12-31,,USD,
BCNAF,BCNAF,2027-02-10,2026-12-31,,USD,
GECFF,GECFF,2027-02-11,2026-12-31,,USD,
HKTTF,HKTTF,2027-02-11,2026-12-31,,USD,
RELX,RELX PLC,2027-02-11,2026-12-31,,USD,
RLXXF,RLXXF,2027-02-11,2026-12-31,,USD,
SGSOF,SGSOF,2027-02-11,2026-12-31,,USD,
SHNWF,SHNWF,2027-02-11,2026-12-31,,USD,
WRDEF,WRDEF,2027-02-12,2026-12-31,,USD,
CRERF,CRERF,2027-02-16,2026-12-31,,USD,
EFGIF,EFGIF,2027-02-17,2026-12-31,,USD,
CMBNF,CMBNF,2027-02-18,2026-12-31,,USD,
CPYYF,CPYYF,2027-02-18,2026-12-31,,USD,
CPYYY,CPYYY,2027-02-18,2026-12-31,,USD,
GASNF,GASNF,2027-02-18,2026-12-31,,USD,
GASNY,GASNY,2027-02-18,2026-12-31,,USD,
GSEFF,GSEFF,2027-02-18,2026-12-31,,USD,
MONRF,MONRF,2027-02-18,2026-12-31,,USD,
NSRGF,NSRGF,2027-02-18,2026-12-31,,USD,
NSRGY,NSRGY,2027-02-18,2026-12-31,,USD,
RTPPF,RTPPF,2027-02-18,2026-12-31,,USD,
AALBF,AALBF,2027-02-23,2026-12-31,,USD,
IPSOF,IPSOF,2027-02-23,2026-12-31,,USD,
SEBYF,SEBYF,2027-02-24,2026-12-31,,USD,
BYSTF,BYSTF,2027-02-25,2026-12-31,,USD,
GRPTF,GRPTF,2027-02-25,2026-12-31,,USD,
HWDJF,HWDJF,2027-02-25,2026-12-31,,USD,
JFHHF,JFHHF,2027-02-25,2026-12-31,,USD,
LSIIF,LSIIF,2027-02-25,2026-12-31,,USD,
MDMXF,MDMXF,2027-02-25,2026-12-31,,USD,
OCDGF,OCDGF,2027-02-25,2026-11-30,,USD,
PASTF,PASTF,2027-02-25,2026-12-31,,USD,
SPSAF,SPSAF,2027-02-25,2026-12-31,,USD,
SYAXF,SYAXF,2027-02-25,2026-12-31,,USD,
VLEEF,VLEEF,2027-02-25,2026-12-31,,USD,
XYIGF,XYIGF,2027-02-25,2026-12-31,,USD,
IMIAF,IMIAF,2027-02-26,2026-12-31,,USD,
PSORF,PSORF,2027-02-26,2026-12-31,,USD,
SCWTF,SCWTF,2027-02-26,2026-12-31,,USD,
SULZF,SULZF,2027-02-26,2026-12-31,,USD,
BLHWF,BLHWF,2027-03-01,2026-12-31,,USD,
VTTGF,VTTGF,2027-03-02,2026-12-31,,USD,
FCHRF,FCHRF,2027-03-03,2026-12-31,,USD,
THLEF,THLEF,2027-03-03,2026-12-31,,USD,
DUAVF,DUAVF,2027-03-04,2026-12-31,,USD,
GDERF,GDERF,2027-03-04,2026-12-31,,USD,
RKLIF,RKLIF,2027-03-04,2026-12-31,,USD,
CMOPF,CMOPF,2027-03-08,2026-12-31,,USD,
COCXF,COCXF,2027-03-09,2026-12-31,,USD,
EUZOF,EUZOF,2027-03-10,2026-12-31,,USD,
IFPJF,IFPJF,2027-03-10,2026-12-31,,USD,
